ts_ms,kind,op_id,trait,latency_ms,status,fuel_left,fuel_total,mem_pages_used,mem_pages_limit,ok_count_moving,rss_kb
1787496838782,normal,sha_64B_em,normal,1.318,ok,inf,2000000,1,1,1,31003
1787496838783,normal,grep_8k,normal,1.015,memory_trap,inf,2000000,2,1,0,31005
1787496838784,normal,mul2_256,normal,0.569,ok,inf,2000000,1,1,1,31006
1787496838785,normal,softmax_256,normal,0.378,ok,inf,2000000,1,1,2,31005
1787496838786,normal,sha_64B_em,normal,0.087,ok,inf,2000000,1,1,3,31001
1787496838787,oversize,sort_64k,pages_over_limit,26.464,memory_trap,inf,2000000,4,1,0,30997
1787496838788,oversize,mmul_16k,pages_over_limit,10.970,memory_trap,inf,2000000,2,1,0,30999
1787496838789,oversize,conv3x3_4k,pages_over_limit,16.412,memory_trap,inf,2000000,3,1,0,31004
1787496838790,oversize,sort_64k,pages_over_limit,18.233,memory_trap,inf,2000000,4,1,0,31008
1787496838791,normal,grep_8k,normal,0.176,memory_trap,inf,2000000,2,1,0,31007
1787496838792,normal,mul2_256,normal,0.355,ok,inf,2000000,1,1,1,31004
1787496838793,normal,softmax_256,normal,1.288,ok,inf,2000000,1,1,2,31008
1787496838794,normal,sha_64B_em,normal,0.377,ok,inf,2000000,1,1,3,31006
1787496838796,normal,grep_8k,normal,1.141,memory_trap,inf,2000000,2,1,0,31003
1787496838797,oversize,sort_64k,pages_over_limit,19.468,memory_trap,inf,2000000,4,1,0,31001
1787496838798,oversize,mmul_16k,pages_over_limit,27.927,memory_trap,inf,2000000,2,1,0,31006
1787496838799,normal,sha_64B_em,normal,1.135,ok,inf,2000000,1,1,1,31011
1787496838800,oversize,sort_64k,pages_over_limit,11.678,memory_trap,inf,2000000,4,1,0,31011
1787496838801,normal,mul2_256,normal,1.323,ok,inf,2000000,1,1,1,31009
1787496838802,oversize,conv3x3_4k,pages_over_limit,29.719,memory_trap,inf,2000000,3,1,0,31009
1787496838803,normal,sha_64B_em,normal,0.000,ok,inf,2000000,1,1,1,31007
1787496838804,normal,grep_8k,normal,0.031,memory_trap,inf,2000000,2,1,0,31009
1787496838805,normal,mul2_256,normal,0.490,ok,inf,2000000,1,1,1,31009
1787496838806,normal,softmax_256,normal,0.285,ok,inf,2000000,1,1,2,31012
1787496838807,normal,sha_64B_em,normal,1.328,ok,inf,2000000,1,1,3,31015
1787496838808,normal,grep_8k,normal,0.801,memory_trap,inf,2000000,2,1,0,31012
1787496838809,normal,mul2_256,normal,1.041,ok,inf,2000000,1,1,1,31017
1787496838810,normal,softmax_256,normal,0.525,ok,inf,2000000,1,1,2,31019
1787496838811,oversize,conv3x3_4k,pages_over_limit,27.519,memory_trap,inf,2000000,3,1,0,31016
1787496838812,normal,grep_8k,normal,1.203,memory_trap,inf,2000000,2,1,0,31016
1787496838813,normal,mul2_256,normal,0.649,ok,inf,2000000,1,1,1,31013
1787496838814,normal,softmax_256,normal,1.500,ok,inf,2000000,1,1,2,31011
1787496838815,normal,sha_64B_em,normal,1.449,ok,inf,2000000,1,1,3,31011
1787496838816,normal,grep_8k,normal,0.127,memory_trap,inf,2000000,2,1,0,31016
1787496838817,normal,mul2_256,normal,0.957,ok,inf,2000000,1,1,1,31021
1787496838818,normal,softmax_256,normal,1.116,ok,inf,2000000,1,1,2,31019
1787496838819,oversize,mmul_16k,pages_over_limit,12.271,memory_trap,inf,2000000,2,1,0,31016
1787496838820,oversize,conv3x3_4k,pages_over_limit,24.879,memory_trap,inf,2000000,3,1,0,31021
1787496838821,oversize,sort_64k,pages_over_limit,27.010,memory_trap,inf,2000000,4,1,0,31026
1787496838822,normal,softmax_256,normal,0.341,ok,inf,2000000,1,1,1,31029
1787496838823,normal,sha_64B_em,normal,1.376,ok,inf,2000000,1,1,2,31028
1787496838824,oversize,sort_64k,pages_over_limit,29.739,memory_trap,inf,2000000,4,1,0,31032
1787496838825,normal,mul2_256,normal,0.022,ok,inf,2000000,1,1,1,31028
1787496838826,oversize,conv3x3_4k,pages_over_limit,14.839,memory_trap,inf,2000000,3,1,0,31029
1787496838827,oversize,sort_64k,pages_over_limit,26.940,memory_trap,inf,2000000,4,1,0,31033
1787496838828,oversize,mmul_16k,pages_over_limit,28.271,memory_trap,inf,2000000,2,1,0,31035
1787496838829,normal,mul2_256,normal,0.625,ok,inf,2000000,1,1,1,31038
1787496838830,normal,softmax_256,normal,0.817,ok,inf,2000000,1,1,2,31035
1787496838831,normal,sha_64B_em,normal,1.444,ok,inf,2000000,1,1,3,31035
1787496838832,normal,grep_8k,normal,0.634,memory_trap,inf,2000000,2,1,0,31035
1787496838833,normal,mul2_256,normal,1.229,ok,inf,2000000,1,1,1,31038
1787496838834,normal,softmax_256,normal,0.709,ok,inf,2000000,1,1,2,31040
1787496838835,normal,sha_64B_em,normal,1.217,ok,inf,2000000,1,1,3,31044
1787496838836,oversize,sort_64k,pages_over_limit,22.294,memory_trap,inf,2000000,4,1,0,31042
1787496838837,normal,mul2_256,normal,0.735,ok,inf,2000000,1,1,1,31038
1787496838838,normal,softmax_256,normal,0.264,ok,inf,2000000,1,1,2,31035
1787496838839,normal,sha_64B_em,normal,0.277,ok,inf,2000000,1,1,3,31039
1787496838840,oversize,mmul_16k,pages_over_limit,24.456,memory_trap,inf,2000000,2,1,0,31044
1787496838841,oversize,conv3x3_4k,pages_over_limit,29.771,memory_trap,inf,2000000,3,1,0,31041
1787496838842,normal,softmax_256,normal,0.900,ok,inf,2000000,1,1,1,31046
1787496838843,normal,sha_64B_em,normal,0.023,ok,inf,2000000,1,1,2,31047
1787496838844,normal,grep_8k,normal,1.366,memory_trap,inf,2000000,2,1,0,31043
1787496838845,normal,mul2_256,normal,1.309,ok,inf,2000000,1,1,1,31047
1787496838846,normal,softmax_256,normal,1.266,ok,inf,2000000,1,1,2,31050
1787496838847,oversize,conv3x3_4k,pages_over_limit,17.111,memory_trap,inf,2000000,3,1,0,31050
1787496838848,oversize,sort_64k,pages_over_limit,20.518,memory_trap,inf,2000000,4,1,0,31054
1787496838849,normal,mul2_256,normal,0.225,ok,inf,2000000,1,1,1,31055
1787496838850,oversize,conv3x3_4k,pages_over_limit,14.107,memory_trap,inf,2000000,3,1,0,31054
1787496838851,oversize,sort_64k,pages_over_limit,17.412,memory_trap,inf,2000000,4,1,0,31058
1787496838852,oversize,mmul_16k,pages_over_limit,18.875,memory_trap,inf,2000000,2,1,0,31060
1787496838853,oversize,conv3x3_4k,pages_over_limit,25.132,memory_trap,inf,2000000,3,1,0,31060
1787496838854,normal,softmax_256,normal,0.145,ok,inf,2000000,1,1,1,31058
1787496838855,oversize,mmul_16k,pages_over_limit,13.551,memory_trap,inf,2000000,2,1,0,31061
1787496838856,oversize,conv3x3_4k,pages_over_limit,10.545,memory_trap,inf,2000000,3,1,0,31059
1787496838857,normal,mul2_256,normal,0.776,ok,inf,2000000,1,1,1,31064
1787496838858,normal,softmax_256,normal,0.514,ok,inf,2000000,1,1,2,31068
1787496838859,normal,sha_64B_em,normal,1.067,ok,inf,2000000,1,1,3,31065
1787496838860,normal,grep_8k,normal,1.263,memory_trap,inf,2000000,2,1,0,31069
1787496838861,normal,mul2_256,normal,1.368,ok,inf,2000000,1,1,1,31073
1787496838862,oversize,conv3x3_4k,pages_over_limit,20.625,memory_trap,inf,2000000,3,1,0,31075
1787496838863,oversize,sort_64k,pages_over_limit,23.331,memory_trap,inf,2000000,4,1,0,31078
1787496838864,normal,grep_8k,normal,0.855,memory_trap,inf,2000000,2,1,0,31076
1787496838865,oversize,conv3x3_4k,pages_over_limit,18.412,memory_trap,inf,2000000,3,1,0,31073
1787496838866,normal,softmax_256,normal,0.792,ok,inf,2000000,1,1,1,31069
1787496838867,normal,sha_64B_em,normal,1.419,ok,inf,2000000,1,1,2,31072
1787496838868,normal,grep_8k,normal,1.181,memory_trap,inf,2000000,2,1,0,31075
1787496838869,normal,mul2_256,normal,1.245,ok,inf,2000000,1,1,1,31074
1787496838870,oversize,mmul_16k,pages_over_limit,25.216,memory_trap,inf,2000000,2,1,0,31071
1787496838871,normal,sha_64B_em,normal,0.338,ok,inf,2000000,1,1,1,31067
1787496838872,oversize,sort_64k,pages_over_limit,28.104,memory_trap,inf,2000000,4,1,0,31069
1787496838873,oversize,mmul_16k,pages_over_limit,29.277,memory_trap,inf,2000000,2,1,0,31067
1787496838874,normal,softmax_256,normal,0.040,ok,inf,2000000,1,1,1,31064
1787496838875,normal,sha_64B_em,normal,0.881,ok,inf,2000000,1,1,2,31065
1787496838876,normal,grep_8k,normal,1.080,memory_trap,inf,2000000,2,1,0,31067
1787496838877,normal,mul2_256,normal,1.488,ok,inf,2000000,1,1,1,31068
1787496838878,oversize,sort_64k,pages_over_limit,23.746,memory_trap,inf,2000000,4,1,0,31065
1787496838879,normal,sha_64B_em,normal,1.453,ok,inf,2000000,1,1,1,31065
1787496838880,normal,grep_8k,normal,1.346,memory_trap,inf,2000000,2,1,0,31069
1787496838881,oversize,sort_64k,pages_over_limit,27.957,memory_trap,inf,2000000,4,1,0,31068
1787496838882,oversize,mmul_16k,pages_over_limit,15.200,memory_trap,inf,2000000,2,1,0,31065
1787496838883,normal,sha_64B_em,normal,0.902,ok,inf,2000000,1,1,1,31064
1787496838884,oversize,sort_64k,pages_over_limit,27.245,memory_trap,inf,2000000,4,1,0,31063
1787496838885,normal,mul2_256,normal,1.225,ok,inf,2000000,1,1,1,31059
1787496838886,normal,softmax_256,normal,0.113,ok,inf,2000000,1,1,2,31062
1787496838887,normal,sha_64B_em,normal,0.467,ok,inf,2000000,1,1,3,31060
1787496838888,normal,grep_8k,normal,0.075,memory_trap,inf,2000000,2,1,0,31063
1787496838889,normal,mul2_256,normal,0.266,ok,inf,2000000,1,1,1,31068
1787496838890,normal,softmax_256,normal,1.440,ok,inf,2000000,1,1,2,31072
1787496838891,oversize,mmul_16k,pages_over_limit,23.593,memory_trap,inf,2000000,2,1,0,31068
1787496838892,oversize,conv3x3_4k,pages_over_limit,23.344,memory_trap,inf,2000000,3,1,0,31066
1787496838893,normal,mul2_256,normal,0.148,ok,inf,2000000,1,1,1,31067
1787496838894,normal,softmax_256,normal,0.019,ok,inf,2000000,1,1,2,31072
1787496838895,normal,sha_64B_em,normal,1.140,ok,inf,2000000,1,1,3,31075
1787496838896,normal,grep_8k,normal,1.372,memory_trap,inf,2000000,2,1,0,31076
1787496838897,oversize,mmul_16k,pages_over_limit,27.734,memory_trap,inf,2000000,2,1,0,31073
1787496838898,normal,softmax_256,normal,0.113,ok,inf,2000000,1,1,1,31070
1787496838899,normal,sha_64B_em,normal,1.108,ok,inf,2000000,1,1,2,31071
1787496838900,oversize,mmul_16k,pages_over_limit,10.876,memory_trap,inf,2000000,2,1,0,31070
1787496838901,oversize,conv3x3_4k,pages_over_limit,17.360,memory_trap,inf,2000000,3,1,0,31073
1787496838902,oversize,sort_64k,pages_over_limit,18.717,memory_trap,inf,2000000,4,1,0,31078
1787496838903,oversize,mmul_16k,pages_over_limit,22.537,memory_trap,inf,2000000,2,1,0,31074
1787496838904,normal,grep_8k,normal,0.852,memory_trap,inf,2000000,2,1,0,31077
1787496838905,normal,mul2_256,normal,0.405,ok,inf,2000000,1,1,1,31073
1787496838906,oversize,mmul_16k,pages_over_limit,16.730,memory_trap,inf,2000000,2,1,0,31077
1787496838907,normal,sha_64B_em,normal,0.486,ok,inf,2000000,1,1,1,31079
1787496838908,oversize,sort_64k,pages_over_limit,28.564,memory_trap,inf,2000000,4,1,0,31076
1787496838909,normal,mul2_256,normal,0.654,ok,inf,2000000,1,1,1,31077
1787496838910,normal,softmax_256,normal,0.765,ok,inf,2000000,1,1,2,31073
1787496838911,normal,sha_64B_em,normal,0.859,ok,inf,2000000,1,1,3,31069
1787496838912,oversize,mmul_16k,pages_over_limit,20.682,memory_trap,inf,2000000,2,1,0,31066
1787496838913,normal,mul2_256,normal,0.074,ok,inf,2000000,1,1,1,31067
1787496838914,normal,softmax_256,normal,0.304,ok,inf,2000000,1,1,2,31066
1787496838915,normal,sha_64B_em,normal,1.418,ok,inf,2000000,1,1,3,31071
1787496838916,normal,grep_8k,normal,0.747,memory_trap,inf,2000000,2,1,0,31069
1787496838917,normal,mul2_256,normal,1.186,ok,inf,2000000,1,1,1,31065
1787496838918,normal,softmax_256,normal,0.355,ok,inf,2000000,1,1,2,31069
1787496838919,normal,sha_64B_em,normal,1.151,ok,inf,2000000,1,1,3,31068
1787496838920,normal,grep_8k,normal,0.579,memory_trap,inf,2000000,2,1,0,31073
1787496838921,oversize,mmul_16k,pages_over_limit,18.610,memory_trap,inf,2000000,2,1,0,31072
1787496838922,oversize,conv3x3_4k,pages_over_limit,19.845,memory_trap,inf,2000000,3,1,0,31068
1787496838923,normal,sha_64B_em,normal,0.720,ok,inf,2000000,1,1,1,31069
1787496838924,normal,grep_8k,normal,0.229,memory_trap,inf,2000000,2,1,0,31065
1787496838925,normal,mul2_256,normal,0.340,ok,inf,2000000,1,1,1,31064
1787496838926,normal,softmax_256,normal,0.651,ok,inf,2000000,1,1,2,31069
1787496838927,normal,sha_64B_em,normal,1.065,ok,inf,2000000,1,1,3,31074
1787496838928,normal,grep_8k,normal,0.996,memory_trap,inf,2000000,2,1,0,31075
1787496838929,normal,mul2_256,normal,0.608,ok,inf,2000000,1,1,1,31076
1787496838930,normal,softmax_256,normal,1.290,ok,inf,2000000,1,1,2,31079
1787496838931,normal,sha_64B_em,normal,0.628,ok,inf,2000000,1,1,3,31077
1787496838932,oversize,sort_64k,pages_over_limit,19.426,memory_trap,inf,2000000,4,1,0,31080
1787496838933,oversize,mmul_16k,pages_over_limit,26.391,memory_trap,inf,2000000,2,1,0,31085
1787496838934,normal,softmax_256,normal,1.218,ok,inf,2000000,1,1,1,31084
1787496838935,normal,sha_64B_em,normal,0.687,ok,inf,2000000,1,1,2,31086
1787496838936,normal,grep_8k,normal,0.342,memory_trap,inf,2000000,2,1,0,31082
1787496838937,oversize,conv3x3_4k,pages_over_limit,17.790,memory_trap,inf,2000000,3,1,0,31081
1787496838938,normal,softmax_256,normal,0.662,ok,inf,2000000,1,1,1,31080
1787496838939,oversize,mmul_16k,pages_over_limit,25.544,memory_trap,inf,2000000,2,1,0,31084
1787496838940,normal,grep_8k,normal,0.757,memory_trap,inf,2000000,2,1,0,31089
1787496838941,oversize,sort_64k,pages_over_limit,25.254,memory_trap,inf,2000000,4,1,0,31086
1787496838942,normal,softmax_256,normal,1.472,ok,inf,2000000,1,1,1,31084
1787496838943,normal,sha_64B_em,normal,0.825,ok,inf,2000000,1,1,2,31082
1787496838944,oversize,sort_64k,pages_over_limit,12.617,memory_trap,inf,2000000,4,1,0,31084
1787496838945,normal,mul2_256,normal,0.518,ok,inf,2000000,1,1,1,31080
1787496838946,normal,softmax_256,normal,0.010,ok,inf,2000000,1,1,2,31081
1787496838947,normal,sha_64B_em,normal,0.218,ok,inf,2000000,1,1,3,31079
1787496838948,normal,grep_8k,normal,0.468,memory_trap,inf,2000000,2,1,0,31081
1787496838949,normal,mul2_256,normal,0.699,ok,inf,2000000,1,1,1,31086
1787496838950,normal,softmax_256,normal,1.181,ok,inf,2000000,1,1,2,31083
1787496838951,oversize,mmul_16k,pages_over_limit,19.685,memory_trap,inf,2000000,2,1,0,31083
1787496838952,normal,grep_8k,normal,0.598,memory_trap,inf,2000000,2,1,0,31079
1787496838953,normal,mul2_256,normal,0.131,ok,inf,2000000,1,1,1,31083
1787496838954,normal,softmax_256,normal,1.398,ok,inf,2000000,1,1,2,31087
1787496838955,normal,sha_64B_em,normal,0.483,ok,inf,2000000,1,1,3,31091
1787496838956,normal,grep_8k,normal,0.914,memory_trap,inf,2000000,2,1,0,31094
1787496838957,normal,mul2_256,normal,0.113,ok,inf,2000000,1,1,1,31098
1787496838958,normal,softmax_256,normal,1.037,ok,inf,2000000,1,1,2,31098
1787496838959,normal,sha_64B_em,normal,0.214,ok,inf,2000000,1,1,3,31094
1787496838960,normal,grep_8k,normal,0.196,memory_trap,inf,2000000,2,1,0,31095
1787496838961,oversize,conv3x3_4k,pages_over_limit,17.205,memory_trap,inf,2000000,3,1,0,31095
1787496838962,normal,softmax_256,normal,0.908,ok,inf,2000000,1,1,1,31092
1787496838963,oversize,mmul_16k,pages_over_limit,23.374,memory_trap,inf,2000000,2,1,0,31089
1787496838964,normal,grep_8k,normal,0.524,memory_trap,inf,2000000,2,1,0,31086
1787496838965,oversize,sort_64k,pages_over_limit,27.884,memory_trap,inf,2000000,4,1,0,31089
1787496838966,normal,softmax_256,normal,0.977,ok,inf,2000000,1,1,1,31090
1787496838967,normal,sha_64B_em,normal,0.334,ok,inf,2000000,1,1,2,31092
1787496838968,normal,grep_8k,normal,0.840,memory_trap,inf,2000000,2,1,0,31092
1787496838969,oversize,mmul_16k,pages_over_limit,13.117,memory_trap,inf,2000000,2,1,0,31097
1787496838970,normal,softmax_256,normal,1.234,ok,inf,2000000,1,1,1,31093
1787496838971,normal,sha_64B_em,normal,1.033,ok,inf,2000000,1,1,2,31094
1787496838972,oversize,mmul_16k,pages_over_limit,22.945,memory_trap,inf,2000000,2,1,0,31098
1787496838973,oversize,conv3x3_4k,pages_over_limit,24.380,memory_trap,inf,2000000,3,1,0,31094
1787496838974,oversize,sort_64k,pages_over_limit,24.764,memory_trap,inf,2000000,4,1,0,31097
1787496838975,normal,sha_64B_em,normal,1.446,ok,inf,2000000,1,1,1,31094
1787496838976,oversize,conv3x3_4k,pages_over_limit,11.071,memory_trap,inf,2000000,3,1,0,31096
1787496838977,normal,mul2_256,normal,1.201,ok,inf,2000000,1,1,1,31101
1787496838978,normal,softmax_256,normal,1.397,ok,inf,2000000,1,1,2,31097
1787496838979,oversize,conv3x3_4k,pages_over_limit,13.889,memory_trap,inf,2000000,3,1,0,31099
1787496838980,normal,grep_8k,normal,0.917,memory_trap,inf,2000000,2,1,0,31098
1787496838981,normal,mul2_256,normal,0.821,ok,inf,2000000,1,1,1,31100
1787496838982,normal,softmax_256,normal,1.078,ok,inf,2000000,1,1,2,31101
1787496838983,normal,sha_64B_em,normal,0.455,ok,inf,2000000,1,1,3,31098
1787496838984,normal,grep_8k,normal,0.573,memory_trap,inf,2000000,2,1,0,31100
1787496838985,oversize,conv3x3_4k,pages_over_limit,21.585,memory_trap,inf,2000000,3,1,0,31104
1787496838986,oversize,sort_64k,pages_over_limit,26.797,memory_trap,inf,2000000,4,1,0,31102
1787496838987,oversize,mmul_16k,pages_over_limit,18.217,memory_trap,inf,2000000,2,1,0,31099
1787496838988,normal,grep_8k,normal,1.108,memory_trap,inf,2000000,2,1,0,31097
1787496838989,normal,mul2_256,normal,1.420,ok,inf,2000000,1,1,1,31096
1787496838990,normal,softmax_256,normal,0.995,ok,inf,2000000,1,1,2,31099
1787496838991,normal,sha_64B_em,normal,0.017,ok,inf,2000000,1,1,3,31096
1787496838992,oversize,sort_64k,pages_over_limit,17.788,memory_trap,inf,2000000,4,1,0,31097
1787496838993,normal,mul2_256,normal,1.214,ok,inf,2000000,1,1,1,31097
1787496838994,oversize,conv3x3_4k,pages_over_limit,25.181,memory_trap,inf,2000000,3,1,0,31098
1787496838995,normal,sha_64B_em,normal,0.758,ok,inf,2000000,1,1,1,31094
1787496838996,normal,grep_8k,normal,0.996,memory_trap,inf,2000000,2,1,0,31098
1787496838997,oversize,conv3x3_4k,pages_over_limit,27.653,memory_trap,inf,2000000,3,1,0,31103
1787496838998,normal,softmax_256,normal,1.159,ok,inf,2000000,1,1,1,31104
1787496838999,normal,sha_64B_em,normal,0.711,ok,inf,2000000,1,1,2,31103
1787496839000,oversize,conv3x3_4k,pages_over_limit,13.255,memory_trap,inf,2000000,3,1,0,31103
1787496839001,normal,mul2_256,normal,0.099,ok,inf,2000000,1,1,1,31100
1787496839002,normal,softmax_256,normal,0.996,ok,inf,2000000,1,1,2,31099
1787496839003,normal,sha_64B_em,normal,1.121,ok,inf,2000000,1,1,3,31100
1787496839004,normal,grep_8k,normal,1.452,memory_trap,inf,2000000,2,1,0,31101
1787496839005,oversize,mmul_16k,pages_over_limit,26.848,memory_trap,inf,2000000,2,1,0,31097
1787496839006,oversize,conv3x3_4k,pages_over_limit,26.711,memory_trap,inf,2000000,3,1,0,31099
1787496839007,normal,sha_64B_em,normal,0.349,ok,inf,2000000,1,1,1,31098
1787496839008,oversize,mmul_16k,pages_over_limit,21.301,memory_trap,inf,2000000,2,1,0,31098
1787496839009,normal,mul2_256,normal,1.403,ok,inf,2000000,1,1,1,31101
1787496839010,oversize,sort_64k,pages_over_limit,12.408,memory_trap,inf,2000000,4,1,0,31105
1787496839011,oversize,mmul_16k,pages_over_limit,16.470,memory_trap,inf,2000000,2,1,0,31101
1787496839012,normal,grep_8k,normal,1.288,memory_trap,inf,2000000,2,1,0,31098
1787496839013,normal,mul2_256,normal,0.974,ok,inf,2000000,1,1,1,31099
1787496839014,oversize,mmul_16k,pages_over_limit,19.921,memory_trap,inf,2000000,2,1,0,31100
1787496839015,normal,sha_64B_em,normal,0.360,ok,inf,2000000,1,1,1,31099
1787496839016,normal,grep_8k,normal,0.321,memory_trap,inf,2000000,2,1,0,31102
1787496839017,normal,mul2_256,normal,0.865,ok,inf,2000000,1,1,1,31106
1787496839018,normal,softmax_256,normal,0.220,ok,inf,2000000,1,1,2,31111
1787496839019,normal,sha_64B_em,normal,1.354,ok,inf,2000000,1,1,3,31111
1787496839020,normal,grep_8k,normal,0.408,memory_trap,inf,2000000,2,1,0,31116
1787496839021,oversize,conv3x3_4k,pages_over_limit,10.277,memory_trap,inf,2000000,3,1,0,31113
1787496839022,oversize,sort_64k,pages_over_limit,28.436,memory_trap,inf,2000000,4,1,0,31118
1787496839023,normal,sha_64B_em,normal,0.500,ok,inf,2000000,1,1,1,31117
1787496839024,normal,grep_8k,normal,0.785,memory_trap,inf,2000000,2,1,0,31114
1787496839025,normal,mul2_256,normal,0.752,ok,inf,2000000,1,1,1,31117
1787496839026,oversize,mmul_16k,pages_over_limit,19.114,memory_trap,inf,2000000,2,1,0,31120
1787496839027,normal,sha_64B_em,normal,1.223,ok,inf,2000000,1,1,1,31125
1787496839028,oversize,sort_64k,pages_over_limit,12.196,memory_trap,inf,2000000,4,1,0,31125
1787496839029,normal,mul2_256,normal,1.481,ok,inf,2000000,1,1,1,31122
1787496839030,normal,softmax_256,normal,0.746,ok,inf,2000000,1,1,2,31123
1787496839031,oversize,sort_64k,pages_over_limit,19.652,memory_trap,inf,2000000,4,1,0,31120
1787496839032,normal,grep_8k,normal,0.701,memory_trap,inf,2000000,2,1,0,31125
1787496839033,normal,mul2_256,normal,1.414,ok,inf,2000000,1,1,1,31128
1787496839034,oversize,sort_64k,pages_over_limit,13.147,memory_trap,inf,2000000,4,1,0,31128
1787496839035,oversize,mmul_16k,pages_over_limit,11.502,memory_trap,inf,2000000,2,1,0,31124
1787496839036,normal,grep_8k,normal,0.228,memory_trap,inf,2000000,2,1,0,31120
1787496839037,normal,mul2_256,normal,0.935,ok,inf,2000000,1,1,1,31123
1787496839038,normal,softmax_256,normal,1.465,ok,inf,2000000,1,1,2,31120
1787496839039,normal,sha_64B_em,normal,1.370,ok,inf,2000000,1,1,3,31123
1787496839040,normal,grep_8k,normal,0.749,memory_trap,inf,2000000,2,1,0,31126
1787496839041,normal,mul2_256,normal,0.648,ok,inf,2000000,1,1,1,31126
1787496839042,normal,softmax_256,normal,0.338,ok,inf,2000000,1,1,2,31125
1787496839043,normal,sha_64B_em,normal,0.691,ok,inf,2000000,1,1,3,31121
1787496839044,oversize,mmul_16k,pages_over_limit,15.799,memory_trap,inf,2000000,2,1,0,31121
1787496839045,oversize,conv3x3_4k,pages_over_limit,20.957,memory_trap,inf,2000000,3,1,0,31124
1787496839046,normal,softmax_256,normal,0.152,ok,inf,2000000,1,1,1,31121
1787496839047,normal,sha_64B_em,normal,0.576,ok,inf,2000000,1,1,2,31122
1787496839048,normal,grep_8k,normal,1.217,memory_trap,inf,2000000,2,1,0,31126
1787496839049,normal,mul2_256,normal,1.412,ok,inf,2000000,1,1,1,31124
1787496839050,normal,softmax_256,normal,0.207,ok,inf,2000000,1,1,2,31128
1787496839051,normal,sha_64B_em,normal,0.893,ok,inf,2000000,1,1,3,31127
1787496839052,oversize,sort_64k,pages_over_limit,24.197,memory_trap,inf,2000000,4,1,0,31132
1787496839053,normal,mul2_256,normal,0.132,ok,inf,2000000,1,1,1,31129
1787496839054,normal,softmax_256,normal,0.473,ok,inf,2000000,1,1,2,31134
1787496839055,normal,sha_64B_em,normal,1.260,ok,inf,2000000,1,1,3,31139
1787496839056,oversize,mmul_16k,pages_over_limit,27.778,memory_trap,inf,2000000,2,1,0,31142
1787496839057,normal,mul2_256,normal,1.337,ok,inf,2000000,1,1,1,31138
1787496839058,normal,softmax_256,normal,1.407,ok,inf,2000000,1,1,2,31137
1787496839059,normal,sha_64B_em,normal,0.433,ok,inf,2000000,1,1,3,31135
1787496839060,normal,grep_8k,normal,0.843,memory_trap,inf,2000000,2,1,0,31139
1787496839061,normal,mul2_256,normal,1.135,ok,inf,2000000,1,1,1,31137
1787496839062,normal,softmax_256,normal,0.557,ok,inf,2000000,1,1,2,31140
1787496839063,oversize,conv3x3_4k,pages_over_limit,10.998,memory_trap,inf,2000000,3,1,0,31139
1787496839064,oversize,sort_64k,pages_over_limit,22.346,memory_trap,inf,2000000,4,1,0,31139
1787496839065,oversize,mmul_16k,pages_over_limit,15.887,memory_trap,inf,2000000,2,1,0,31135
1787496839066,normal,softmax_256,normal,0.950,ok,inf,2000000,1,1,1,31132
1787496839067,oversize,sort_64k,pages_over_limit,28.968,memory_trap,inf,2000000,4,1,0,31136
1787496839068,normal,grep_8k,normal,1.127,memory_trap,inf,2000000,2,1,0,31136
1787496839069,oversize,conv3x3_4k,pages_over_limit,15.026,memory_trap,inf,2000000,3,1,0,31135
1787496839070,normal,softmax_256,normal,0.594,ok,inf,2000000,1,1,1,31138
1787496839071,normal,sha_64B_em,normal,1.267,ok,inf,2000000,1,1,2,31140
1787496839072,normal,grep_8k,normal,0.298,memory_trap,inf,2000000,2,1,0,31142
1787496839073,normal,mul2_256,normal,1.300,ok,inf,2000000,1,1,1,31145
1787496839074,oversize,mmul_16k,pages_over_limit,27.284,memory_trap,inf,2000000,2,1,0,31144
1787496839075,oversize,conv3x3_4k,pages_over_limit,20.608,memory_trap,inf,2000000,3,1,0,31148
1787496839076,normal,grep_8k,normal,0.669,memory_trap,inf,2000000,2,1,0,31152
1787496839077,oversize,mmul_16k,pages_over_limit,14.011,memory_trap,inf,2000000,2,1,0,31153
1787496839078,oversize,conv3x3_4k,pages_over_limit,23.258,memory_trap,inf,2000000,3,1,0,31151
1787496839079,normal,sha_64B_em,normal,0.194,ok,inf,2000000,1,1,1,31148
1787496839080,normal,grep_8k,normal,0.848,memory_trap,inf,2000000,2,1,0,31151
1787496839081,oversize,conv3x3_4k,pages_over_limit,15.782,memory_trap,inf,2000000,3,1,0,31152
1787496839082,normal,softmax_256,normal,0.749,ok,inf,2000000,1,1,1,31152
1787496839083,normal,sha_64B_em,normal,0.609,ok,inf,2000000,1,1,2,31150
1787496839084,oversize,conv3x3_4k,pages_over_limit,25.785,memory_trap,inf,2000000,3,1,0,31148
1787496839085,normal,mul2_256,normal,1.452,ok,inf,2000000,1,1,1,31145
1787496839086,normal,softmax_256,normal,0.877,ok,inf,2000000,1,1,2,31146
1787496839087,normal,sha_64B_em,normal,0.044,ok,inf,2000000,1,1,3,31147
1787496839088,normal,grep_8k,normal,0.745,memory_trap,inf,2000000,2,1,0,31149
1787496839089,normal,mul2_256,normal,0.138,ok,inf,2000000,1,1,1,31152
1787496839090,oversize,conv3x3_4k,pages_over_limit,15.093,memory_trap,inf,2000000,3,1,0,31149
1787496839091,oversize,sort_64k,pages_over_limit,19.570,memory_trap,inf,2000000,4,1,0,31147
1787496839092,normal,grep_8k,normal,0.664,memory_trap,inf,2000000,2,1,0,31150
1787496839093,oversize,conv3x3_4k,pages_over_limit,18.292,memory_trap,inf,2000000,3,1,0,31149
1787496839094,normal,softmax_256,normal,0.971,ok,inf,2000000,1,1,1,31146
1787496839095,normal,sha_64B_em,normal,0.165,ok,inf,2000000,1,1,2,31151
1787496839096,normal,grep_8k,normal,0.200,memory_trap,inf,2000000,2,1,0,31151
1787496839097,normal,mul2_256,normal,0.384,ok,inf,2000000,1,1,1,31151
1787496839098,normal,softmax_256,normal,0.254,ok,inf,2000000,1,1,2,31150
1787496839099,normal,sha_64B_em,normal,1.077,ok,inf,2000000,1,1,3,31150
1787496839100,normal,grep_8k,normal,0.408,memory_trap,inf,2000000,2,1,0,31151
1787496839101,oversize,mmul_16k,pages_over_limit,13.153,memory_trap,inf,2000000,2,1,0,31155
1787496839102,oversize,conv3x3_4k,pages_over_limit,14.685,memory_trap,inf,2000000,3,1,0,31157
1787496839103,normal,sha_64B_em,normal,0.041,ok,inf,2000000,1,1,1,31155
1787496839104,normal,grep_8k,normal,0.351,memory_trap,inf,2000000,2,1,0,31153
1787496839105,normal,mul2_256,normal,1.398,ok,inf,2000000,1,1,1,31153
1787496839106,normal,softmax_256,normal,0.169,ok,inf,2000000,1,1,2,31152
1787496839107,normal,sha_64B_em,normal,0.082,ok,inf,2000000,1,1,3,31151
1787496839108,normal,grep_8k,normal,0.263,memory_trap,inf,2000000,2,1,0,31149
1787496839109,normal,mul2_256,normal,0.753,ok,inf,2000000,1,1,1,31152
1787496839110,normal,softmax_256,normal,1.423,ok,inf,2000000,1,1,2,31156
1787496839111,normal,sha_64B_em,normal,1.087,ok,inf,2000000,1,1,3,31160
1787496839112,normal,grep_8k,normal,0.752,memory_trap,inf,2000000,2,1,0,31164
1787496839113,normal,mul2_256,normal,0.373,ok,inf,2000000,1,1,1,31167
1787496839114,oversize,conv3x3_4k,pages_over_limit,20.431,memory_trap,inf,2000000,3,1,0,31172
1787496839115,normal,sha_64B_em,normal,0.807,ok,inf,2000000,1,1,1,31174
1787496839116,normal,grep_8k,normal,0.605,memory_trap,inf,2000000,2,1,0,31171
1787496839117,normal,mul2_256,normal,0.396,ok,inf,2000000,1,1,1,31172
1787496839118,normal,softmax_256,normal,0.035,ok,inf,2000000,1,1,2,31176
1787496839119,normal,sha_64B_em,normal,1.249,ok,inf,2000000,1,1,3,31173
1787496839120,normal,grep_8k,normal,0.606,memory_trap,inf,2000000,2,1,0,31170
1787496839121,normal,mul2_256,normal,1.313,ok,inf,2000000,1,1,1,31168
1787496839122,oversize,mmul_16k,pages_over_limit,12.978,memory_trap,inf,2000000,2,1,0,31168
1787496839123,normal,sha_64B_em,normal,0.574,ok,inf,2000000,1,1,1,31172
1787496839124,normal,grep_8k,normal,1.480,memory_trap,inf,2000000,2,1,0,31170
1787496839125,normal,mul2_256,normal,0.566,ok,inf,2000000,1,1,1,31172
1787496839126,normal,softmax_256,normal,0.366,ok,inf,2000000,1,1,2,31169
1787496839127,normal,sha_64B_em,normal,0.875,ok,inf,2000000,1,1,3,31171
1787496839128,normal,grep_8k,normal,0.989,memory_trap,inf,2000000,2,1,0,31176
1787496839129,normal,mul2_256,normal,0.447,ok,inf,2000000,1,1,1,31176
1787496839130,normal,softmax_256,normal,0.514,ok,inf,2000000,1,1,2,31181
1787496839131,normal,sha_64B_em,normal,1.159,ok,inf,2000000,1,1,3,31185
1787496839132,normal,grep_8k,normal,0.306,memory_trap,inf,2000000,2,1,0,31187
1787496839133,normal,mul2_256,normal,0.541,ok,inf,2000000,1,1,1,31192
1787496839134,normal,softmax_256,normal,1.371,ok,inf,2000000,1,1,2,31191
1787496839135,normal,sha_64B_em,normal,1.432,ok,inf,2000000,1,1,3,31190
1787496839136,oversize,sort_64k,pages_over_limit,27.910,memory_trap,inf,2000000,4,1,0,31195
1787496839137,normal,mul2_256,normal,0.594,ok,inf,2000000,1,1,1,31197
1787496839138,normal,softmax_256,normal,0.888,ok,inf,2000000,1,1,2,31195
1787496839139,normal,sha_64B_em,normal,0.112,ok,inf,2000000,1,1,3,31195
1787496839140,normal,grep_8k,normal,0.759,memory_trap,inf,2000000,2,1,0,31194
1787496839141,normal,mul2_256,normal,0.649,ok,inf,2000000,1,1,1,31197
1787496839142,normal,softmax_256,normal,0.013,ok,inf,2000000,1,1,2,31199
1787496839143,normal,sha_64B_em,normal,0.455,ok,inf,2000000,1,1,3,31199
1787496839144,normal,grep_8k,normal,0.274,memory_trap,inf,2000000,2,1,0,31199
1787496839145,normal,mul2_256,normal,0.682,ok,inf,2000000,1,1,1,31201
1787496839146,normal,softmax_256,normal,0.285,ok,inf,2000000,1,1,2,31206
1787496839147,normal,sha_64B_em,normal,1.049,ok,inf,2000000,1,1,3,31204
1787496839148,normal,grep_8k,normal,0.266,memory_trap,inf,2000000,2,1,0,31208
1787496839149,normal,mul2_256,normal,1.186,ok,inf,2000000,1,1,1,31211
1787496839150,normal,softmax_256,normal,0.721,ok,inf,2000000,1,1,2,31215
1787496839151,oversize,sort_64k,pages_over_limit,22.854,memory_trap,inf,2000000,4,1,0,31215
1787496839152,normal,grep_8k,normal,0.646,memory_trap,inf,2000000,2,1,0,31220
1787496839153,normal,mul2_256,normal,0.037,ok,inf,2000000,1,1,1,31218
1787496839154,normal,softmax_256,normal,1.224,ok,inf,2000000,1,1,2,31220
1787496839155,oversize,mmul_16k,pages_over_limit,18.068,memory_trap,inf,2000000,2,1,0,31218
1787496839156,oversize,conv3x3_4k,pages_over_limit,20.957,memory_trap,inf,2000000,3,1,0,31214
1787496839157,normal,mul2_256,normal,0.028,ok,inf,2000000,1,1,1,31219
1787496839158,oversize,mmul_16k,pages_over_limit,26.542,memory_trap,inf,2000000,2,1,0,31217
1787496839159,normal,sha_64B_em,normal,0.611,ok,inf,2000000,1,1,1,31216
1787496839160,normal,grep_8k,normal,1.233,memory_trap,inf,2000000,2,1,0,31220
1787496839161,oversize,mmul_16k,pages_over_limit,10.283,memory_trap,inf,2000000,2,1,0,31217
1787496839162,normal,softmax_256,normal,0.019,ok,inf,2000000,1,1,1,31219
1787496839163,normal,sha_64B_em,normal,0.273,ok,inf,2000000,1,1,2,31221
1787496839164,normal,grep_8k,normal,0.819,memory_trap,inf,2000000,2,1,0,31225
1787496839165,normal,mul2_256,normal,0.152,ok,inf,2000000,1,1,1,31229
1787496839166,oversize,sort_64k,pages_over_limit,24.070,memory_trap,inf,2000000,4,1,0,31227
1787496839167,oversize,mmul_16k,pages_over_limit,17.811,memory_trap,inf,2000000,2,1,0,31227
1787496839168,normal,grep_8k,normal,1.170,memory_trap,inf,2000000,2,1,0,31229
1787496839169,normal,mul2_256,normal,0.230,ok,inf,2000000,1,1,1,31229
1787496839170,normal,softmax_256,normal,0.556,ok,inf,2000000,1,1,2,31229
1787496839171,normal,sha_64B_em,normal,1.239,ok,inf,2000000,1,1,3,31229
1787496839172,oversize,sort_64k,pages_over_limit,14.270,memory_trap,inf,2000000,4,1,0,31230
1787496839173,normal,mul2_256,normal,1.483,ok,inf,2000000,1,1,1,31230
1787496839174,normal,softmax_256,normal,0.430,ok,inf,2000000,1,1,2,31226
1787496839175,normal,sha_64B_em,normal,1.018,ok,inf,2000000,1,1,3,31223
1787496839176,oversize,mmul_16k,pages_over_limit,16.908,memory_trap,inf,2000000,2,1,0,31221
1787496839177,normal,mul2_256,normal,1.331,ok,inf,2000000,1,1,1,31221
1787496839178,oversize,sort_64k,pages_over_limit,29.192,memory_trap,inf,2000000,4,1,0,31224
1787496839179,normal,sha_64B_em,normal,0.643,ok,inf,2000000,1,1,1,31220
1787496839180,normal,grep_8k,normal,0.124,memory_trap,inf,2000000,2,1,0,31218
1787496839181,normal,mul2_256,normal,1.436,ok,inf,2000000,1,1,1,31215
1787496839182,oversize,mmul_16k,pages_over_limit,12.192,memory_trap,inf,2000000,2,1,0,31213
1787496839183,normal,sha_64B_em,normal,0.666,ok,inf,2000000,1,1,1,31217
1787496839184,normal,grep_8k,normal,1.234,memory_trap,inf,2000000,2,1,0,31215
1787496839185,normal,mul2_256,normal,0.098,ok,inf,2000000,1,1,1,31218
1787496839186,normal,softmax_256,normal,0.506,ok,inf,2000000,1,1,2,31217
1787496839187,normal,sha_64B_em,normal,0.794,ok,inf,2000000,1,1,3,31215
1787496839188,oversize,mmul_16k,pages_over_limit,21.692,memory_trap,inf,2000000,2,1,0,31220
1787496839189,oversize,conv3x3_4k,pages_over_limit,22.127,memory_trap,inf,2000000,3,1,0,31217
1787496839190,normal,softmax_256,normal,0.534,ok,inf,2000000,1,1,1,31221
1787496839191,oversize,mmul_16k,pages_over_limit,21.138,memory_trap,inf,2000000,2,1,0,31224
1787496839192,normal,grep_8k,normal,0.541,memory_trap,inf,2000000,2,1,0,31229
1787496839193,oversize,sort_64k,pages_over_limit,10.503,memory_trap,inf,2000000,4,1,0,31233
1787496839194,normal,softmax_256,normal,1.313,ok,inf,2000000,1,1,1,31229
1787496839195,oversize,conv3x3_4k,pages_over_limit,26.025,memory_trap,inf,2000000,3,1,0,31233
1787496839196,normal,grep_8k,normal,0.546,memory_trap,inf,2000000,2,1,0,31231
1787496839197,normal,mul2_256,normal,0.544,ok,inf,2000000,1,1,1,31231
1787496839198,normal,softmax_256,normal,0.719,ok,inf,2000000,1,1,2,31232
1787496839199,oversize,sort_64k,pages_over_limit,25.306,memory_trap,inf,2000000,4,1,0,31230
1787496839200,normal,grep_8k,normal,0.504,memory_trap,inf,2000000,2,1,0,31229
1787496839201,oversize,conv3x3_4k,pages_over_limit,29.132,memory_trap,inf,2000000,3,1,0,31232
1787496839202,oversize,sort_64k,pages_over_limit,23.180,memory_trap,inf,2000000,4,1,0,31228
1787496839203,normal,sha_64B_em,normal,0.127,ok,inf,2000000,1,1,1,31229
1787496839204,normal,grep_8k,normal,0.940,memory_trap,inf,2000000,2,1,0,31225
1787496839205,oversize,sort_64k,pages_over_limit,19.685,memory_trap,inf,2000000,4,1,0,31222
1787496839206,normal,softmax_256,normal,0.602,ok,inf,2000000,1,1,1,31227
1787496839207,normal,sha_64B_em,normal,0.397,ok,inf,2000000,1,1,2,31230
1787496839208,oversize,sort_64k,pages_over_limit,28.308,memory_trap,inf,2000000,4,1,0,31235
1787496839209,oversize,mmul_16k,pages_over_limit,25.614,memory_trap,inf,2000000,2,1,0,31232
1787496839210,normal,softmax_256,normal,1.081,ok,inf,2000000,1,1,1,31229
1787496839211,normal,sha_64B_em,normal,0.350,ok,inf,2000000,1,1,2,31229
1787496839212,oversize,mmul_16k,pages_over_limit,25.537,memory_trap,inf,2000000,2,1,0,31231
1787496839213,normal,mul2_256,normal,0.286,ok,inf,2000000,1,1,1,31229
1787496839214,normal,softmax_256,normal,0.300,ok,inf,2000000,1,1,2,31227
1787496839215,oversize,mmul_16k,pages_over_limit,20.950,memory_trap,inf,2000000,2,1,0,31224
1787496839216,normal,grep_8k,normal,0.782,memory_trap,inf,2000000,2,1,0,31225
1787496839217,normal,mul2_256,normal,0.675,ok,inf,2000000,1,1,1,31226
1787496839218,oversize,mmul_16k,pages_over_limit,21.254,memory_trap,inf,2000000,2,1,0,31226
1787496839219,normal,sha_64B_em,normal,0.904,ok,inf,2000000,1,1,1,31229
1787496839220,normal,grep_8k,normal,1.259,memory_trap,inf,2000000,2,1,0,31229
1787496839221,oversize,mmul_16k,pages_over_limit,18.307,memory_trap,inf,2000000,2,1,0,31231
1787496839222,normal,softmax_256,normal,0.043,ok,inf,2000000,1,1,1,31227
1787496839223,normal,sha_64B_em,normal,0.293,ok,inf,2000000,1,1,2,31224
1787496839224,normal,grep_8k,normal,0.343,memory_trap,inf,2000000,2,1,0,31229
1787496839225,oversize,conv3x3_4k,pages_over_limit,26.556,memory_trap,inf,2000000,3,1,0,31227
1787496839226,normal,softmax_256,normal,1.266,ok,inf,2000000,1,1,1,31229
1787496839227,oversize,mmul_16k,pages_over_limit,18.822,memory_trap,inf,2000000,2,1,0,31228
1787496839228,oversize,conv3x3_4k,pages_over_limit,12.555,memory_trap,inf,2000000,3,1,0,31233
1787496839229,normal,mul2_256,normal,0.202,ok,inf,2000000,1,1,1,31236
1787496839230,oversize,mmul_16k,pages_over_limit,25.928,memory_trap,inf,2000000,2,1,0,31237
1787496839231,normal,sha_64B_em,normal,0.728,ok,inf,2000000,1,1,1,31234
1787496839232,normal,grep_8k,normal,1.114,memory_trap,inf,2000000,2,1,0,31235
1787496839233,normal,mul2_256,normal,1.034,ok,inf,2000000,1,1,1,31236
1787496839234,normal,softmax_256,normal,0.508,ok,inf,2000000,1,1,2,31232
1787496839235,normal,sha_64B_em,normal,0.141,ok,inf,2000000,1,1,3,31237
1787496839236,normal,grep_8k,normal,0.613,memory_trap,inf,2000000,2,1,0,31238
1787496839237,oversize,conv3x3_4k,pages_over_limit,17.486,memory_trap,inf,2000000,3,1,0,31240
1787496839238,normal,softmax_256,normal,1.350,ok,inf,2000000,1,1,1,31236
1787496839239,normal,sha_64B_em,normal,0.640,ok,inf,2000000,1,1,2,31241
1787496839240,normal,grep_8k,normal,0.986,memory_trap,inf,2000000,2,1,0,31240
1787496839241,oversize,sort_64k,pages_over_limit,24.198,memory_trap,inf,2000000,4,1,0,31245
1787496839242,normal,softmax_256,normal,1.274,ok,inf,2000000,1,1,1,31248
1787496839243,oversize,conv3x3_4k,pages_over_limit,26.436,memory_trap,inf,2000000,3,1,0,31251
1787496839244,normal,grep_8k,normal,1.197,memory_trap,inf,2000000,2,1,0,31247
1787496839245,normal,mul2_256,normal,0.832,ok,inf,2000000,1,1,1,31250
1787496839246,normal,softmax_256,normal,0.148,ok,inf,2000000,1,1,2,31253
1787496839247,normal,sha_64B_em,normal,0.093,ok,inf,2000000,1,1,3,31257
1787496839248,normal,grep_8k,normal,0.128,memory_trap,inf,2000000,2,1,0,31260
1787496839249,oversize,conv3x3_4k,pages_over_limit,20.262,memory_trap,inf,2000000,3,1,0,31257
1787496839250,normal,softmax_256,normal,1.253,ok,inf,2000000,1,1,1,31253
1787496839251,normal,sha_64B_em,normal,1.222,ok,inf,2000000,1,1,2,31251
1787496839252,oversize,conv3x3_4k,pages_over_limit,29.419,memory_trap,inf,2000000,3,1,0,31252
1787496839253,oversize,sort_64k,pages_over_limit,23.957,memory_trap,inf,2000000,4,1,0,31254
1787496839254,normal,softmax_256,normal,0.625,ok,inf,2000000,1,1,1,31257
1787496839255,normal,sha_64B_em,normal,0.563,ok,inf,2000000,1,1,2,31256
1787496839256,normal,grep_8k,normal,1.286,memory_trap,inf,2000000,2,1,0,31259
1787496839257,normal,mul2_256,normal,1.157,ok,inf,2000000,1,1,1,31259
1787496839258,normal,softmax_256,normal,0.354,ok,inf,2000000,1,1,2,31257
1787496839259,normal,sha_64B_em,normal,1.107,ok,inf,2000000,1,1,3,31261
1787496839260,normal,grep_8k,normal,1.160,memory_trap,inf,2000000,2,1,0,31261
1787496839261,normal,mul2_256,normal,1.051,ok,inf,2000000,1,1,1,31265
1787496839262,normal,softmax_256,normal,0.504,ok,inf,2000000,1,1,2,31268
1787496839263,oversize,mmul_16k,pages_over_limit,23.100,memory_trap,inf,2000000,2,1,0,31268
1787496839264,normal,grep_8k,normal,0.103,memory_trap,inf,2000000,2,1,0,31265
1787496839265,normal,mul2_256,normal,1.350,ok,inf,2000000,1,1,1,31261
1787496839267,oversize,mmul_16k,pages_over_limit,29.954,memory_trap,inf,2000000,2,1,0,31257
1787496839268,oversize,conv3x3_4k,pages_over_limit,20.195,memory_trap,inf,2000000,3,1,0,31253
1787496839269,normal,grep_8k,normal,0.573,memory_trap,inf,2000000,2,1,0,31255
1787496839270,normal,mul2_256,normal,0.349,ok,inf,2000000,1,1,1,31257
1787496839271,normal,softmax_256,normal,0.261,ok,inf,2000000,1,1,2,31261
1787496839272,normal,sha_64B_em,normal,0.467,ok,inf,2000000,1,1,3,31263
1787496839273,normal,grep_8k,normal,0.277,memory_trap,inf,2000000,2,1,0,31268
1787496839274,oversize,conv3x3_4k,pages_over_limit,17.236,memory_trap,inf,2000000,3,1,0,31265
1787496839275,oversize,sort_64k,pages_over_limit,28.225,memory_trap,inf,2000000,4,1,0,31267
1787496839276,oversize,mmul_16k,pages_over_limit,24.775,memory_trap,inf,2000000,2,1,0,31266
1787496839277,normal,grep_8k,normal,1.317,memory_trap,inf,2000000,2,1,0,31265
1787496839278,normal,mul2_256,normal,1.099,ok,inf,2000000,1,1,1,31263
1787496839279,oversize,mmul_16k,pages_over_limit,24.184,memory_trap,inf,2000000,2,1,0,31261
1787496839280,oversize,conv3x3_4k,pages_over_limit,12.841,memory_trap,inf,2000000,3,1,0,31259
1787496839281,oversize,sort_64k,pages_over_limit,19.775,memory_trap,inf,2000000,4,1,0,31263
1787496839282,normal,mul2_256,normal,0.668,ok,inf,2000000,1,1,1,31259
1787496839283,normal,softmax_256,normal,0.837,ok,inf,2000000,1,1,2,31261
1787496839284,oversize,sort_64k,pages_over_limit,21.372,memory_trap,inf,2000000,4,1,0,31261
1787496839285,oversize,mmul_16k,pages_over_limit,17.380,memory_trap,inf,2000000,2,1,0,31258
1787496839286,normal,mul2_256,normal,1.379,ok,inf,2000000,1,1,1,31254
1787496839287,normal,softmax_256,normal,0.731,ok,inf,2000000,1,1,2,31252
1787496839288,normal,sha_64B_em,normal,0.143,ok,inf,2000000,1,1,3,31256
1787496839289,normal,grep_8k,normal,0.186,memory_trap,inf,2000000,2,1,0,31253
1787496839290,oversize,sort_64k,pages_over_limit,20.220,memory_trap,inf,2000000,4,1,0,31249
1787496839291,normal,softmax_256,normal,0.882,ok,inf,2000000,1,1,1,31248
1787496839292,normal,sha_64B_em,normal,0.756,ok,inf,2000000,1,1,2,31251
1787496839293,oversize,sort_64k,pages_over_limit,25.515,memory_trap,inf,2000000,4,1,0,31253
1787496839294,normal,mul2_256,normal,1.092,ok,inf,2000000,1,1,1,31253
1787496839295,normal,softmax_256,normal,0.695,ok,inf,2000000,1,1,2,31249
1787496839296,normal,sha_64B_em,normal,0.304,ok,inf,2000000,1,1,3,31249
1787496839297,oversize,mmul_16k,pages_over_limit,15.014,memory_trap,inf,2000000,2,1,0,31251
1787496839298,oversize,conv3x3_4k,pages_over_limit,15.087,memory_trap,inf,2000000,3,1,0,31247
1787496839299,oversize,sort_64k,pages_over_limit,17.418,memory_trap,inf,2000000,4,1,0,31247
1787496839300,oversize,mmul_16k,pages_over_limit,23.642,memory_trap,inf,2000000,2,1,0,31244
1787496839301,normal,grep_8k,normal,0.910,memory_trap,inf,2000000,2,1,0,31244
1787496839302,normal,mul2_256,normal,1.153,ok,inf,2000000,1,1,1,31241
1787496839303,normal,softmax_256,normal,0.654,ok,inf,2000000,1,1,2,31242
1787496839304,normal,sha_64B_em,normal,0.526,ok,inf,2000000,1,1,3,31244
1787496839305,normal,grep_8k,normal,0.599,memory_trap,inf,2000000,2,1,0,31248
1787496839306,normal,mul2_256,normal,1.024,ok,inf,2000000,1,1,1,31253
1787496839307,oversize,conv3x3_4k,pages_over_limit,19.543,memory_trap,inf,2000000,3,1,0,31255
1787496839308,oversize,sort_64k,pages_over_limit,22.218,memory_trap,inf,2000000,4,1,0,31255
1787496839309,oversize,mmul_16k,pages_over_limit,18.417,memory_trap,inf,2000000,2,1,0,31251
1787496839310,normal,mul2_256,normal,0.686,ok,inf,2000000,1,1,1,31256
1787496839311,oversize,sort_64k,pages_over_limit,17.406,memory_trap,inf,2000000,4,1,0,31253
1787496839312,normal,sha_64B_em,normal,0.069,ok,inf,2000000,1,1,1,31252
1787496839313,oversize,conv3x3_4k,pages_over_limit,23.085,memory_trap,inf,2000000,3,1,0,31253
1787496839314,normal,mul2_256,normal,0.579,ok,inf,2000000,1,1,1,31253
1787496839315,oversize,mmul_16k,pages_over_limit,22.229,memory_trap,inf,2000000,2,1,0,31258
1787496839316,oversize,conv3x3_4k,pages_over_limit,21.339,memory_trap,inf,2000000,3,1,0,31262
1787496839317,normal,grep_8k,normal,0.397,memory_trap,inf,2000000,2,1,0,31263
1787496839318,normal,mul2_256,normal,1.324,ok,inf,2000000,1,1,1,31261
1787496839319,normal,softmax_256,normal,0.397,ok,inf,2000000,1,1,2,31264
1787496839320,normal,sha_64B_em,normal,0.964,ok,inf,2000000,1,1,3,31269
1787496839321,normal,grep_8k,normal,0.132,memory_trap,inf,2000000,2,1,0,31269
1787496839322,oversize,conv3x3_4k,pages_over_limit,12.526,memory_trap,inf,2000000,3,1,0,31270
1787496839323,normal,softmax_256,normal,1.115,ok,inf,2000000,1,1,1,31267
1787496839324,normal,sha_64B_em,normal,0.377,ok,inf,2000000,1,1,2,31264
1787496839325,oversize,conv3x3_4k,pages_over_limit,28.917,memory_trap,inf,2000000,3,1,0,31268
1787496839326,normal,mul2_256,normal,1.418,ok,inf,2000000,1,1,1,31268
1787496839327,normal,softmax_256,normal,0.589,ok,inf,2000000,1,1,2,31271
1787496839328,oversize,conv3x3_4k,pages_over_limit,20.780,memory_trap,inf,2000000,3,1,0,31269
1787496839329,normal,grep_8k,normal,0.266,memory_trap,inf,2000000,2,1,0,31268
1787496839330,normal,mul2_256,normal,0.170,ok,inf,2000000,1,1,1,31271
1787496839331,normal,softmax_256,normal,0.774,ok,inf,2000000,1,1,2,31276
1787496839332,normal,sha_64B_em,normal,1.052,ok,inf,2000000,1,1,3,31279
1787496839333,normal,grep_8k,normal,0.327,memory_trap,inf,2000000,2,1,0,31283
1787496839334,oversize,conv3x3_4k,pages_over_limit,22.203,memory_trap,inf,2000000,3,1,0,31279
1787496839335,oversize,sort_64k,pages_over_limit,14.934,memory_trap,inf,2000000,4,1,0,31281
1787496839336,normal,sha_64B_em,normal,0.496,ok,inf,2000000,1,1,1,31282
1787496839337,normal,grep_8k,normal,0.385,memory_trap,inf,2000000,2,1,0,31283
1787496839338,normal,mul2_256,normal,0.733,ok,inf,2000000,1,1,1,31282
1787496839339,normal,softmax_256,normal,0.713,ok,inf,2000000,1,1,2,31285
1787496839340,normal,sha_64B_em,normal,1.384,ok,inf,2000000,1,1,3,31285
1787496839341,normal,grep_8k,normal,0.067,memory_trap,inf,2000000,2,1,0,31286
1787496839342,normal,mul2_256,normal,1.221,ok,inf,2000000,1,1,1,31283
1787496839343,oversize,conv3x3_4k,pages_over_limit,14.078,memory_trap,inf,2000000,3,1,0,31283
1787496839344,normal,sha_64B_em,normal,0.547,ok,inf,2000000,1,1,1,31282
1787496839345,normal,grep_8k,normal,1.493,memory_trap,inf,2000000,2,1,0,31279
1787496839346,normal,mul2_256,normal,0.097,ok,inf,2000000,1,1,1,31277
1787496839347,oversize,sort_64k,pages_over_limit,14.646,memory_trap,inf,2000000,4,1,0,31277
1787496839348,normal,sha_64B_em,normal,0.184,ok,inf,2000000,1,1,1,31274
1787496839349,normal,grep_8k,normal,0.665,memory_trap,inf,2000000,2,1,0,31275
1787496839350,normal,mul2_256,normal,1.001,ok,inf,2000000,1,1,1,31273
1787496839351,oversize,mmul_16k,pages_over_limit,16.786,memory_trap,inf,2000000,2,1,0,31277
1787496839352,normal,sha_64B_em,normal,0.846,ok,inf,2000000,1,1,1,31275
1787496839353,oversize,sort_64k,pages_over_limit,16.712,memory_trap,inf,2000000,4,1,0,31277
1787496839354,oversize,mmul_16k,pages_over_limit,14.056,memory_trap,inf,2000000,2,1,0,31279
1787496839355,normal,softmax_256,normal,0.390,ok,inf,2000000,1,1,1,31278
1787496839356,normal,sha_64B_em,normal,0.503,ok,inf,2000000,1,1,2,31274
1787496839357,normal,grep_8k,normal,1.256,memory_trap,inf,2000000,2,1,0,31279
1787496839358,normal,mul2_256,normal,1.423,ok,inf,2000000,1,1,1,31282
1787496839359,oversize,sort_64k,pages_over_limit,18.120,memory_trap,inf,2000000,4,1,0,31283
1787496839360,normal,sha_64B_em,normal,0.350,ok,inf,2000000,1,1,1,31280
1787496839361,normal,grep_8k,normal,1.452,memory_trap,inf,2000000,2,1,0,31281
1787496839362,normal,mul2_256,normal,0.473,ok,inf,2000000,1,1,1,31286
1787496839363,oversize,mmul_16k,pages_over_limit,16.951,memory_trap,inf,2000000,2,1,0,31282
1787496839364,normal,sha_64B_em,normal,0.854,ok,inf,2000000,1,1,1,31278
1787496839365,normal,grep_8k,normal,0.608,memory_trap,inf,2000000,2,1,0,31274
1787496839366,normal,mul2_256,normal,1.164,ok,inf,2000000,1,1,1,31271
1787496839367,normal,softmax_256,normal,0.888,ok,inf,2000000,1,1,2,31271
1787496839368,normal,sha_64B_em,normal,1.006,ok,inf,2000000,1,1,3,31275
1787496839369,normal,grep_8k,normal,1.486,memory_trap,inf,2000000,2,1,0,31275
1787496839370,normal,mul2_256,normal,1.434,ok,inf,2000000,1,1,1,31276
1787496839371,normal,softmax_256,normal,1.390,ok,inf,2000000,1,1,2,31273
1787496839372,normal,sha_64B_em,normal,1.403,ok,inf,2000000,1,1,3,31273
1787496839373,oversize,conv3x3_4k,pages_over_limit,26.935,memory_trap,inf,2000000,3,1,0,31276
1787496839374,normal,mul2_256,normal,0.122,ok,inf,2000000,1,1,1,31272
1787496839375,normal,softmax_256,normal,0.776,ok,inf,2000000,1,1,2,31277
1787496839376,normal,sha_64B_em,normal,1.227,ok,inf,2000000,1,1,3,31279
1787496839377,normal,grep_8k,normal,1.221,memory_trap,inf,2000000,2,1,0,31278
1787496839378,normal,mul2_256,normal,1.266,ok,inf,2000000,1,1,1,31276
1787496839379,normal,softmax_256,normal,0.584,ok,inf,2000000,1,1,2,31279
1787496839380,normal,sha_64B_em,normal,0.709,ok,inf,2000000,1,1,3,31284
1787496839381,normal,grep_8k,normal,0.927,memory_trap,inf,2000000,2,1,0,31288
1787496839382,normal,mul2_256,normal,0.199,ok,inf,2000000,1,1,1,31293
1787496839383,normal,softmax_256,normal,0.339,ok,inf,2000000,1,1,2,31298
1787496839384,normal,sha_64B_em,normal,1.422,ok,inf,2000000,1,1,3,31297
1787496839385,oversize,conv3x3_4k,pages_over_limit,27.867,memory_trap,inf,2000000,3,1,0,31299
1787496839386,oversize,sort_64k,pages_over_limit,26.822,memory_trap,inf,2000000,4,1,0,31304
1787496839387,normal,softmax_256,normal,0.603,ok,inf,2000000,1,1,1,31301
1787496839388,normal,sha_64B_em,normal,0.820,ok,inf,2000000,1,1,2,31304
1787496839389,normal,grep_8k,normal,0.239,memory_trap,inf,2000000,2,1,0,31300
1787496839390,oversize,mmul_16k,pages_over_limit,26.499,memory_trap,inf,2000000,2,1,0,31303
1787496839391,oversize,conv3x3_4k,pages_over_limit,24.822,memory_trap,inf,2000000,3,1,0,31305
1787496839392,normal,sha_64B_em,normal,0.436,ok,inf,2000000,1,1,1,31302
1787496839393,oversize,mmul_16k,pages_over_limit,14.246,memory_trap,inf,2000000,2,1,0,31299
1787496839394,normal,mul2_256,normal,0.744,ok,inf,2000000,1,1,1,31301
1787496839395,normal,softmax_256,normal,0.458,ok,inf,2000000,1,1,2,31301
1787496839396,normal,sha_64B_em,normal,0.850,ok,inf,2000000,1,1,3,31302
1787496839397,normal,grep_8k,normal,0.377,memory_trap,inf,2000000,2,1,0,31301
1787496839398,normal,mul2_256,normal,0.920,ok,inf,2000000,1,1,1,31299
1787496839399,normal,softmax_256,normal,1.105,ok,inf,2000000,1,1,2,31303
1787496839400,normal,sha_64B_em,normal,0.549,ok,inf,2000000,1,1,3,31304
1787496839401,oversize,sort_64k,pages_over_limit,14.545,memory_trap,inf,2000000,4,1,0,31309
1787496839402,normal,mul2_256,normal,0.761,ok,inf,2000000,1,1,1,31306
1787496839403,oversize,conv3x3_4k,pages_over_limit,17.287,memory_trap,inf,2000000,3,1,0,31308
1787496839404,normal,sha_64B_em,normal,0.665,ok,inf,2000000,1,1,1,31311
1787496839405,normal,grep_8k,normal,0.041,memory_trap,inf,2000000,2,1,0,31311
1787496839406,oversize,conv3x3_4k,pages_over_limit,22.551,memory_trap,inf,2000000,3,1,0,31312
1787496839407,normal,softmax_256,normal,0.515,ok,inf,2000000,1,1,1,31312
1787496839408,oversize,mmul_16k,pages_over_limit,25.454,memory_trap,inf,2000000,2,1,0,31315
1787496839409,oversize,conv3x3_4k,pages_over_limit,11.306,memory_trap,inf,2000000,3,1,0,31316
1787496839410,normal,mul2_256,normal,1.178,ok,inf,2000000,1,1,1,31312
1787496839411,oversize,mmul_16k,pages_over_limit,21.846,memory_trap,inf,2000000,2,1,0,31316
1787496839412,normal,sha_64B_em,normal,1.320,ok,inf,2000000,1,1,1,31314
1787496839413,oversize,sort_64k,pages_over_limit,15.002,memory_trap,inf,2000000,4,1,0,31310
1787496839414,normal,mul2_256,normal,0.912,ok,inf,2000000,1,1,1,31307
1787496839415,normal,softmax_256,normal,0.889,ok,inf,2000000,1,1,2,31307
1787496839416,normal,sha_64B_em,normal,1.461,ok,inf,2000000,1,1,3,31308
1787496839417,normal,grep_8k,normal,0.676,memory_trap,inf,2000000,2,1,0,31307
1787496839418,normal,mul2_256,normal,0.282,ok,inf,2000000,1,1,1,31303
1787496839419,normal,softmax_256,normal,0.359,ok,inf,2000000,1,1,2,31304
1787496839420,normal,sha_64B_em,normal,1.446,ok,inf,2000000,1,1,3,31300
1787496839421,normal,grep_8k,normal,1.169,memory_trap,inf,2000000,2,1,0,31305
1787496839422,oversize,sort_64k,pages_over_limit,18.486,memory_trap,inf,2000000,4,1,0,31307
1787496839423,oversize,mmul_16k,pages_over_limit,25.185,memory_trap,inf,2000000,2,1,0,31310
1787496839424,normal,sha_64B_em,normal,0.150,ok,inf,2000000,1,1,1,31308
1787496839425,oversize,sort_64k,pages_over_limit,20.752,memory_trap,inf,2000000,4,1,0,31306
1787496839426,normal,mul2_256,normal,1.021,ok,inf,2000000,1,1,1,31306
1787496839427,normal,softmax_256,normal,0.600,ok,inf,2000000,1,1,2,31308
1787496839428,normal,sha_64B_em,normal,1.180,ok,inf,2000000,1,1,3,31305
1787496839429,oversize,mmul_16k,pages_over_limit,29.710,memory_trap,inf,2000000,2,1,0,31310
1787496839430,normal,mul2_256,normal,1.104,ok,inf,2000000,1,1,1,31311
1787496839431,normal,softmax_256,normal,0.781,ok,inf,2000000,1,1,2,31316
1787496839432,normal,sha_64B_em,normal,0.514,ok,inf,2000000,1,1,3,31321
1787496839433,normal,grep_8k,normal,0.864,memory_trap,inf,2000000,2,1,0,31324
1787496839434,normal,mul2_256,normal,0.034,ok,inf,2000000,1,1,1,31325
1787496839436,normal,softmax_256,normal,0.234,ok,inf,2000000,1,1,2,31326
1787496839437,normal,sha_64B_em,normal,1.432,ok,inf,2000000,1,1,3,31327
1787496839438,oversize,sort_64k,pages_over_limit,12.801,memory_trap,inf,2000000,4,1,0,31331
1787496839439,normal,mul2_256,normal,1.039,ok,inf,2000000,1,1,1,31336
1787496839440,oversize,conv3x3_4k,pages_over_limit,24.559,memory_trap,inf,2000000,3,1,0,31334
1787496839441,normal,sha_64B_em,normal,0.042,ok,inf,2000000,1,1,1,31339
1787496839442,normal,grep_8k,normal,1.394,memory_trap,inf,2000000,2,1,0,31338
1787496839443,oversize,conv3x3_4k,pages_over_limit,26.181,memory_trap,inf,2000000,3,1,0,31342
1787496839444,normal,softmax_256,normal,0.996,ok,inf,2000000,1,1,1,31347
1787496839445,normal,sha_64B_em,normal,1.255,ok,inf,2000000,1,1,2,31347
1787496839446,oversize,conv3x3_4k,pages_over_limit,10.569,memory_trap,inf,2000000,3,1,0,31345
1787496839447,normal,mul2_256,normal,0.760,ok,inf,2000000,1,1,1,31349
1787496839448,oversize,mmul_16k,pages_over_limit,17.109,memory_trap,inf,2000000,2,1,0,31351
1787496839449,normal,sha_64B_em,normal,0.752,ok,inf,2000000,1,1,1,31351
1787496839450,normal,grep_8k,normal,0.300,memory_trap,inf,2000000,2,1,0,31347
1787496839451,normal,mul2_256,normal,0.047,ok,inf,2000000,1,1,1,31350
1787496839452,oversize,conv3x3_4k,pages_over_limit,22.598,memory_trap,inf,2000000,3,1,0,31352
1787496839453,normal,sha_64B_em,normal,0.715,ok,inf,2000000,1,1,1,31353
1787496839454,oversize,mmul_16k,pages_over_limit,24.169,memory_trap,inf,2000000,2,1,0,31357
1787496839455,normal,mul2_256,normal,0.170,ok,inf,2000000,1,1,1,31357
1787496839456,normal,softmax_256,normal,0.740,ok,inf,2000000,1,1,2,31362
1787496839457,oversize,mmul_16k,pages_over_limit,18.386,memory_trap,inf,2000000,2,1,0,31367
1787496839458,normal,grep_8k,normal,0.475,memory_trap,inf,2000000,2,1,0,31370
1787496839459,normal,mul2_256,normal,0.330,ok,inf,2000000,1,1,1,31375
1787496839460,normal,softmax_256,normal,0.105,ok,inf,2000000,1,1,2,31374
1787496839461,normal,sha_64B_em,normal,0.508,ok,inf,2000000,1,1,3,31379
1787496839462,normal,grep_8k,normal,0.431,memory_trap,inf,2000000,2,1,0,31380
1787496839463,normal,mul2_256,normal,1.109,ok,inf,2000000,1,1,1,31380
1787496839464,normal,softmax_256,normal,0.989,ok,inf,2000000,1,1,2,31378
1787496839465,oversize,sort_64k,pages_over_limit,29.220,memory_trap,inf,2000000,4,1,0,31378
1787496839466,normal,grep_8k,normal,0.496,memory_trap,inf,2000000,2,1,0,31383
1787496839467,oversize,conv3x3_4k,pages_over_limit,13.025,memory_trap,inf,2000000,3,1,0,31384
1787496839468,normal,softmax_256,normal,0.914,ok,inf,2000000,1,1,1,31388
1787496839469,normal,sha_64B_em,normal,0.259,ok,inf,2000000,1,1,2,31388
1787496839470,oversize,conv3x3_4k,pages_over_limit,24.464,memory_trap,inf,2000000,3,1,0,31390
1787496839471,normal,mul2_256,normal,0.105,ok,inf,2000000,1,1,1,31387
1787496839472,normal,softmax_256,normal,0.398,ok,inf,2000000,1,1,2,31388
1787496839473,oversize,conv3x3_4k,pages_over_limit,13.885,memory_trap,inf,2000000,3,1,0,31390
1787496839474,normal,grep_8k,normal,0.079,memory_trap,inf,2000000,2,1,0,31395
1787496839475,oversize,mmul_16k,pages_over_limit,23.874,memory_trap,inf,2000000,2,1,0,31396
1787496839476,normal,softmax_256,normal,1.131,ok,inf,2000000,1,1,1,31396
1787496839477,normal,sha_64B_em,normal,1.336,ok,inf,2000000,1,1,2,31399
1787496839478,oversize,mmul_16k,pages_over_limit,13.746,memory_trap,inf,2000000,2,1,0,31396
1787496839479,oversize,conv3x3_4k,pages_over_limit,14.904,memory_trap,inf,2000000,3,1,0,31395
1787496839480,oversize,sort_64k,pages_over_limit,25.534,memory_trap,inf,2000000,4,1,0,31396
1787496839481,oversize,mmul_16k,pages_over_limit,26.681,memory_trap,inf,2000000,2,1,0,31394
1787496839482,oversize,conv3x3_4k,pages_over_limit,12.274,memory_trap,inf,2000000,3,1,0,31394
1787496839483,normal,mul2_256,normal,0.648,ok,inf,2000000,1,1,1,31396
1787496839484,normal,softmax_256,normal,1.137,ok,inf,2000000,1,1,2,31401
1787496839485,normal,sha_64B_em,normal,0.662,ok,inf,2000000,1,1,3,31403
1787496839486,normal,grep_8k,normal,1.301,memory_trap,inf,2000000,2,1,0,31399
1787496839487,normal,mul2_256,normal,1.136,ok,inf,2000000,1,1,1,31400
1787496839488,oversize,conv3x3_4k,pages_over_limit,14.932,memory_trap,inf,2000000,3,1,0,31399
1787496839489,oversize,sort_64k,pages_over_limit,20.165,memory_trap,inf,2000000,4,1,0,31396
1787496839490,oversize,mmul_16k,pages_over_limit,10.752,memory_trap,inf,2000000,2,1,0,31396
1787496839491,normal,mul2_256,normal,0.156,ok,inf,2000000,1,1,1,31398
1787496839492,oversize,sort_64k,pages_over_limit,10.138,memory_trap,inf,2000000,4,1,0,31403
1787496839493,normal,sha_64B_em,normal,0.568,ok,inf,2000000,1,1,1,31408
1787496839494,normal,grep_8k,normal,0.318,memory_trap,inf,2000000,2,1,0,31405
1787496839495,oversize,sort_64k,pages_over_limit,17.231,memory_trap,inf,2000000,4,1,0,31403
1787496839496,normal,softmax_256,normal,0.743,ok,inf,2000000,1,1,1,31400
1787496839497,oversize,conv3x3_4k,pages_over_limit,20.353,memory_trap,inf,2000000,3,1,0,31405
1787496839498,normal,grep_8k,normal,1.348,memory_trap,inf,2000000,2,1,0,31403
1787496839499,normal,mul2_256,normal,0.926,ok,inf,2000000,1,1,1,31407
1787496839500,normal,softmax_256,normal,0.903,ok,inf,2000000,1,1,2,31411
1787496839501,normal,sha_64B_em,normal,1.003,ok,inf,2000000,1,1,3,31416
1787496839502,oversize,mmul_16k,pages_over_limit,29.083,memory_trap,inf,2000000,2,1,0,31415
1787496839503,normal,mul2_256,normal,0.025,ok,inf,2000000,1,1,1,31411
1787496839504,oversize,sort_64k,pages_over_limit,16.402,memory_trap,inf,2000000,4,1,0,31414
1787496839505,oversize,mmul_16k,pages_over_limit,20.086,memory_trap,inf,2000000,2,1,0,31418
1787496839506,normal,grep_8k,normal,0.579,memory_trap,inf,2000000,2,1,0,31417
1787496839507,normal,mul2_256,normal,0.746,ok,inf,2000000,1,1,1,31422
1787496839508,normal,softmax_256,normal,0.909,ok,inf,2000000,1,1,2,31425
1787496839509,oversize,conv3x3_4k,pages_over_limit,25.713,memory_trap,inf,2000000,3,1,0,31422
1787496839510,normal,grep_8k,normal,0.053,memory_trap,inf,2000000,2,1,0,31420
1787496839511,normal,mul2_256,normal,0.708,ok,inf,2000000,1,1,1,31422
1787496839512,oversize,conv3x3_4k,pages_over_limit,21.982,memory_trap,inf,2000000,3,1,0,31423
1787496839513,normal,sha_64B_em,normal,0.899,ok,inf,2000000,1,1,1,31427
1787496839514,oversize,mmul_16k,pages_over_limit,12.888,memory_trap,inf,2000000,2,1,0,31429
1787496839515,normal,mul2_256,normal,0.148,ok,inf,2000000,1,1,1,31431
1787496839516,normal,softmax_256,normal,1.147,ok,inf,2000000,1,1,2,31429
1787496839517,oversize,mmul_16k,pages_over_limit,29.665,memory_trap,inf,2000000,2,1,0,31434
1787496839518,normal,grep_8k,normal,1.150,memory_trap,inf,2000000,2,1,0,31430
1787496839519,normal,mul2_256,normal,0.423,ok,inf,2000000,1,1,1,31434
1787496839520,oversize,mmul_16k,pages_over_limit,27.697,memory_trap,inf,2000000,2,1,0,31434
1787496839521,oversize,conv3x3_4k,pages_over_limit,25.968,memory_trap,inf,2000000,3,1,0,31434
1787496839522,normal,grep_8k,normal,0.401,memory_trap,inf,2000000,2,1,0,31430
1787496839523,normal,mul2_256,normal,0.309,ok,inf,2000000,1,1,1,31431
1787496839524,oversize,conv3x3_4k,pages_over_limit,11.406,memory_trap,inf,2000000,3,1,0,31432
1787496839525,oversize,sort_64k,pages_over_limit,14.064,memory_trap,inf,2000000,4,1,0,31436
1787496839526,normal,grep_8k,normal,0.243,memory_trap,inf,2000000,2,1,0,31437
1787496839527,normal,mul2_256,normal,1.065,ok,inf,2000000,1,1,1,31439
1787496839528,oversize,sort_64k,pages_over_limit,29.054,memory_trap,inf,2000000,4,1,0,31441
1787496839529,oversize,mmul_16k,pages_over_limit,27.053,memory_trap,inf,2000000,2,1,0,31438
1787496839530,normal,grep_8k,normal,0.136,memory_trap,inf,2000000,2,1,0,31435
1787496839531,normal,mul2_256,normal,1.005,ok,inf,2000000,1,1,1,31436
1787496839532,normal,softmax_256,normal,1.173,ok,inf,2000000,1,1,2,31437
1787496839533,normal,sha_64B_em,normal,1.329,ok,inf,2000000,1,1,3,31440
1787496839534,normal,grep_8k,normal,1.442,memory_trap,inf,2000000,2,1,0,31444
1787496839535,normal,mul2_256,normal,0.763,ok,inf,2000000,1,1,1,31447
1787496839536,normal,softmax_256,normal,0.132,ok,inf,2000000,1,1,2,31452
1787496839537,normal,sha_64B_em,normal,0.910,ok,inf,2000000,1,1,3,31448
1787496839538,oversize,mmul_16k,pages_over_limit,11.941,memory_trap,inf,2000000,2,1,0,31444
1787496839539,oversize,conv3x3_4k,pages_over_limit,28.338,memory_trap,inf,2000000,3,1,0,31445
1787496839540,normal,softmax_256,normal,0.358,ok,inf,2000000,1,1,1,31448
1787496839541,normal,sha_64B_em,normal,0.511,ok,inf,2000000,1,1,2,31453
1787496839542,oversize,conv3x3_4k,pages_over_limit,13.264,memory_trap,inf,2000000,3,1,0,31454
1787496839543,normal,mul2_256,normal,0.395,ok,inf,2000000,1,1,1,31453
1787496839544,oversize,mmul_16k,pages_over_limit,13.931,memory_trap,inf,2000000,2,1,0,31449
1787496839545,normal,sha_64B_em,normal,0.008,ok,inf,2000000,1,1,1,31453
1787496839546,normal,grep_8k,normal,1.437,memory_trap,inf,2000000,2,1,0,31456
1787496839547,normal,mul2_256,normal,0.038,ok,inf,2000000,1,1,1,31461
1787496839548,oversize,conv3x3_4k,pages_over_limit,22.958,memory_trap,inf,2000000,3,1,0,31459
1787496839549,oversize,sort_64k,pages_over_limit,23.173,memory_trap,inf,2000000,4,1,0,31459
1787496839550,normal,grep_8k,normal,1.177,memory_trap,inf,2000000,2,1,0,31457
1787496839551,normal,mul2_256,normal,0.958,ok,inf,2000000,1,1,1,31459
1787496839552,normal,softmax_256,normal,0.861,ok,inf,2000000,1,1,2,31458
1787496839553,oversize,mmul_16k,pages_over_limit,23.897,memory_trap,inf,2000000,2,1,0,31456
1787496839554,normal,grep_8k,normal,1.271,memory_trap,inf,2000000,2,1,0,31458
1787496839555,oversize,sort_64k,pages_over_limit,21.408,memory_trap,inf,2000000,4,1,0,31460
1787496839556,oversize,mmul_16k,pages_over_limit,27.440,memory_trap,inf,2000000,2,1,0,31460
1787496839557,normal,sha_64B_em,normal,0.432,ok,inf,2000000,1,1,1,31459
1787496839558,normal,grep_8k,normal,0.082,memory_trap,inf,2000000,2,1,0,31458
1787496839559,normal,mul2_256,normal,0.239,ok,inf,2000000,1,1,1,31461
1787496839560,normal,softmax_256,normal,0.390,ok,inf,2000000,1,1,2,31459
1787496839561,oversize,sort_64k,pages_over_limit,23.931,memory_trap,inf,2000000,4,1,0,31462
1787496839562,oversize,mmul_16k,pages_over_limit,21.173,memory_trap,inf,2000000,2,1,0,31459
1787496839563,normal,mul2_256,normal,0.474,ok,inf,2000000,1,1,1,31455
1787496839564,oversize,sort_64k,pages_over_limit,27.545,memory_trap,inf,2000000,4,1,0,31453
1787496839565,oversize,mmul_16k,pages_over_limit,25.097,memory_trap,inf,2000000,2,1,0,31450
1787496839566,normal,grep_8k,normal,0.293,memory_trap,inf,2000000,2,1,0,31447
1787496839567,normal,mul2_256,normal,0.401,ok,inf,2000000,1,1,1,31444
1787496839568,normal,softmax_256,normal,0.007,ok,inf,2000000,1,1,2,31442
1787496839569,normal,sha_64B_em,normal,1.357,ok,inf,2000000,1,1,3,31447
1787496839570,normal,grep_8k,normal,0.233,memory_trap,inf,2000000,2,1,0,31451
1787496839571,oversize,mmul_16k,pages_over_limit,21.843,memory_trap,inf,2000000,2,1,0,31455
1787496839572,normal,softmax_256,normal,0.426,ok,inf,2000000,1,1,1,31457
1787496839573,normal,sha_64B_em,normal,1.434,ok,inf,2000000,1,1,2,31461
1787496839574,normal,grep_8k,normal,1.377,memory_trap,inf,2000000,2,1,0,31461
1787496839575,normal,mul2_256,normal,0.673,ok,inf,2000000,1,1,1,31459
1787496839576,oversize,sort_64k,pages_over_limit,13.988,memory_trap,inf,2000000,4,1,0,31464
1787496839577,normal,sha_64B_em,normal,0.681,ok,inf,2000000,1,1,1,31468
1787496839578,normal,grep_8k,normal,1.122,memory_trap,inf,2000000,2,1,0,31465
1787496839579,normal,mul2_256,normal,0.447,ok,inf,2000000,1,1,1,31467
1787496839580,normal,softmax_256,normal,0.540,ok,inf,2000000,1,1,2,31470
1787496839581,normal,sha_64B_em,normal,1.353,ok,inf,2000000,1,1,3,31471
1787496839582,normal,grep_8k,normal,0.721,memory_trap,inf,2000000,2,1,0,31475
1787496839583,normal,mul2_256,normal,0.725,ok,inf,2000000,1,1,1,31473
1787496839584,normal,softmax_256,normal,0.423,ok,inf,2000000,1,1,2,31478
1787496839585,normal,sha_64B_em,normal,1.454,ok,inf,2000000,1,1,3,31477
1787496839586,normal,grep_8k,normal,1.037,memory_trap,inf,2000000,2,1,0,31479
1787496839587,oversize,conv3x3_4k,pages_over_limit,17.974,memory_trap,inf,2000000,3,1,0,31476
1787496839588,oversize,sort_64k,pages_over_limit,18.438,memory_trap,inf,2000000,4,1,0,31476
1787496839589,normal,sha_64B_em,normal,1.385,ok,inf,2000000,1,1,1,31479
1787496839590,normal,grep_8k,normal,0.549,memory_trap,inf,2000000,2,1,0,31475
1787496839591,oversize,sort_64k,pages_over_limit,25.219,memory_trap,inf,2000000,4,1,0,31475
1787496839592,oversize,mmul_16k,pages_over_limit,21.382,memory_trap,inf,2000000,2,1,0,31474
1787496839593,oversize,conv3x3_4k,pages_over_limit,12.310,memory_trap,inf,2000000,3,1,0,31472
1787496839594,normal,grep_8k,normal,1.458,memory_trap,inf,2000000,2,1,0,31473
1787496839595,normal,mul2_256,normal,0.432,ok,inf,2000000,1,1,1,31478
1787496839596,oversize,conv3x3_4k,pages_over_limit,27.051,memory_trap,inf,2000000,3,1,0,31476
1787496839597,normal,sha_64B_em,normal,1.230,ok,inf,2000000,1,1,1,31479
1787496839598,normal,grep_8k,normal,0.526,memory_trap,inf,2000000,2,1,0,31483
1787496839599,normal,mul2_256,normal,1.039,ok,inf,2000000,1,1,1,31486
1787496839600,normal,softmax_256,normal,0.934,ok,inf,2000000,1,1,2,31489
1787496839601,oversize,mmul_16k,pages_over_limit,22.453,memory_trap,inf,2000000,2,1,0,31488
1787496839602,normal,grep_8k,normal,0.517,memory_trap,inf,2000000,2,1,0,31485
1787496839603,oversize,sort_64k,pages_over_limit,10.324,memory_trap,inf,2000000,4,1,0,31481
1787496839604,normal,softmax_256,normal,0.167,ok,inf,2000000,1,1,1,31479
1787496839605,oversize,conv3x3_4k,pages_over_limit,13.284,memory_trap,inf,2000000,3,1,0,31479
1787496839606,normal,grep_8k,normal,0.994,memory_trap,inf,2000000,2,1,0,31478
1787496839607,normal,mul2_256,normal,0.063,ok,inf,2000000,1,1,1,31480
1787496839608,oversize,conv3x3_4k,pages_over_limit,22.142,memory_trap,inf,2000000,3,1,0,31476
1787496839609,normal,sha_64B_em,normal,0.255,ok,inf,2000000,1,1,1,31475
1787496839610,normal,grep_8k,normal,0.374,memory_trap,inf,2000000,2,1,0,31474
1787496839611,oversize,conv3x3_4k,pages_over_limit,22.926,memory_trap,inf,2000000,3,1,0,31470
1787496839612,normal,softmax_256,normal,0.589,ok,inf,2000000,1,1,1,31474
1787496839613,oversize,mmul_16k,pages_over_limit,24.854,memory_trap,inf,2000000,2,1,0,31476
1787496839614,oversize,conv3x3_4k,pages_over_limit,22.490,memory_trap,inf,2000000,3,1,0,31476
1787496839615,normal,mul2_256,normal,1.111,ok,inf,2000000,1,1,1,31475
1787496839616,normal,softmax_256,normal,0.801,ok,inf,2000000,1,1,2,31472
1787496839617,oversize,conv3x3_4k,pages_over_limit,22.348,memory_trap,inf,2000000,3,1,0,31473
1787496839618,normal,grep_8k,normal,1.410,memory_trap,inf,2000000,2,1,0,31478
1787496839619,normal,mul2_256,normal,0.390,ok,inf,2000000,1,1,1,31476
1787496839620,oversize,conv3x3_4k,pages_over_limit,10.704,memory_trap,inf,2000000,3,1,0,31478
1787496839621,normal,sha_64B_em,normal,0.213,ok,inf,2000000,1,1,1,31475
1787496839622,normal,grep_8k,normal,0.899,memory_trap,inf,2000000,2,1,0,31477
1787496839623,normal,mul2_256,normal,0.623,ok,inf,2000000,1,1,1,31473
1787496839624,normal,softmax_256,normal,0.746,ok,inf,2000000,1,1,2,31472
1787496839625,oversize,mmul_16k,pages_over_limit,29.733,memory_trap,inf,2000000,2,1,0,31474
1787496839626,normal,grep_8k,normal,0.610,memory_trap,inf,2000000,2,1,0,31474
1787496839627,normal,mul2_256,normal,0.825,ok,inf,2000000,1,1,1,31472
1787496839628,oversize,mmul_16k,pages_over_limit,16.578,memory_trap,inf,2000000,2,1,0,31471
1787496839629,oversize,conv3x3_4k,pages_over_limit,27.561,memory_trap,inf,2000000,3,1,0,31471
1787496839630,normal,grep_8k,normal,0.551,memory_trap,inf,2000000,2,1,0,31475
1787496839631,normal,mul2_256,normal,1.227,ok,inf,2000000,1,1,1,31478
1787496839632,normal,softmax_256,normal,1.059,ok,inf,2000000,1,1,2,31483
1787496839633,oversize,sort_64k,pages_over_limit,29.385,memory_trap,inf,2000000,4,1,0,31486
1787496839634,oversize,mmul_16k,pages_over_limit,20.628,memory_trap,inf,2000000,2,1,0,31489
1787496839635,normal,mul2_256,normal,0.167,ok,inf,2000000,1,1,1,31489
1787496839636,oversize,sort_64k,pages_over_limit,25.898,memory_trap,inf,2000000,4,1,0,31491
1787496839637,normal,sha_64B_em,normal,0.982,ok,inf,2000000,1,1,1,31494
1787496839638,normal,grep_8k,normal,0.191,memory_trap,inf,2000000,2,1,0,31492
1787496839639,normal,mul2_256,normal,1.140,ok,inf,2000000,1,1,1,31489
1787496839640,normal,softmax_256,normal,1.198,ok,inf,2000000,1,1,2,31490
1787496839641,normal,sha_64B_em,normal,1.472,ok,inf,2000000,1,1,3,31491
1787496839642,oversize,sort_64k,pages_over_limit,27.978,memory_trap,inf,2000000,4,1,0,31488
1787496839643,normal,mul2_256,normal,0.420,ok,inf,2000000,1,1,1,31490
1787496839644,normal,softmax_256,normal,0.047,ok,inf,2000000,1,1,2,31494
1787496839645,normal,sha_64B_em,normal,0.600,ok,inf,2000000,1,1,3,31490
1787496839646,oversize,mmul_16k,pages_over_limit,23.292,memory_trap,inf,2000000,2,1,0,31489
1787496839647,normal,mul2_256,normal,0.146,ok,inf,2000000,1,1,1,31490
1787496839648,normal,softmax_256,normal,0.601,ok,inf,2000000,1,1,2,31488
1787496839649,normal,sha_64B_em,normal,0.558,ok,inf,2000000,1,1,3,31487
1787496839650,normal,grep_8k,normal,0.367,memory_trap,inf,2000000,2,1,0,31483
1787496839651,normal,mul2_256,normal,1.325,ok,inf,2000000,1,1,1,31483
1787496839652,normal,softmax_256,normal,0.964,ok,inf,2000000,1,1,2,31481
1787496839653,oversize,conv3x3_4k,pages_over_limit,24.458,memory_trap,inf,2000000,3,1,0,31485
1787496839654,normal,grep_8k,normal,0.626,memory_trap,inf,2000000,2,1,0,31485
1787496839655,normal,mul2_256,normal,0.823,ok,inf,2000000,1,1,1,31482
1787496839656,oversize,conv3x3_4k,pages_over_limit,20.027,memory_trap,inf,2000000,3,1,0,31478
1787496839657,normal,sha_64B_em,normal,0.927,ok,inf,2000000,1,1,1,31479
1787496839658,normal,grep_8k,normal,0.112,memory_trap,inf,2000000,2,1,0,31482
1787496839659,normal,mul2_256,normal,0.192,ok,inf,2000000,1,1,1,31484
1787496839660,normal,softmax_256,normal,0.480,ok,inf,2000000,1,1,2,31489
1787496839661,oversize,mmul_16k,pages_over_limit,20.689,memory_trap,inf,2000000,2,1,0,31486
1787496839662,normal,grep_8k,normal,1.167,memory_trap,inf,2000000,2,1,0,31483
1787496839663,normal,mul2_256,normal,0.632,ok,inf,2000000,1,1,1,31480
1787496839664,normal,softmax_256,normal,1.474,ok,inf,2000000,1,1,2,31477
1787496839665,normal,sha_64B_em,normal,0.626,ok,inf,2000000,1,1,3,31481
1787496839666,normal,grep_8k,normal,0.428,memory_trap,inf,2000000,2,1,0,31483
1787496839667,normal,mul2_256,normal,0.250,ok,inf,2000000,1,1,1,31487
1787496839668,normal,softmax_256,normal,0.708,ok,inf,2000000,1,1,2,31489
1787496839669,normal,sha_64B_em,normal,0.168,ok,inf,2000000,1,1,3,31490
1787496839670,normal,grep_8k,normal,0.925,memory_trap,inf,2000000,2,1,0,31492
1787496839671,oversize,conv3x3_4k,pages_over_limit,11.050,memory_trap,inf,2000000,3,1,0,31490
1787496839672,normal,softmax_256,normal,0.600,ok,inf,2000000,1,1,1,31492
1787496839673,normal,sha_64B_em,normal,1.213,ok,inf,2000000,1,1,2,31494
1787496839674,normal,grep_8k,normal,0.894,memory_trap,inf,2000000,2,1,0,31495
1787496839675,normal,mul2_256,normal,1.183,ok,inf,2000000,1,1,1,31494
1787496839676,normal,softmax_256,normal,0.853,ok,inf,2000000,1,1,2,31497
1787496839677,normal,sha_64B_em,normal,0.506,ok,inf,2000000,1,1,3,31502
1787496839678,normal,grep_8k,normal,1.013,memory_trap,inf,2000000,2,1,0,31501
1787496839679,normal,mul2_256,normal,1.329,ok,inf,2000000,1,1,1,31504
1787496839680,oversize,conv3x3_4k,pages_over_limit,22.348,memory_trap,inf,2000000,3,1,0,31508
1787496839681,normal,sha_64B_em,normal,0.680,ok,inf,2000000,1,1,1,31508
1787496839682,oversize,mmul_16k,pages_over_limit,29.899,memory_trap,inf,2000000,2,1,0,31512
1787496839683,normal,mul2_256,normal,0.657,ok,inf,2000000,1,1,1,31517
1787496839684,oversize,sort_64k,pages_over_limit,23.098,memory_trap,inf,2000000,4,1,0,31516
1787496839685,normal,sha_64B_em,normal,1.398,ok,inf,2000000,1,1,1,31517
1787496839686,oversize,conv3x3_4k,pages_over_limit,21.194,memory_trap,inf,2000000,3,1,0,31521
1787496839687,normal,mul2_256,normal,1.096,ok,inf,2000000,1,1,1,31524
1787496839688,normal,softmax_256,normal,0.231,ok,inf,2000000,1,1,2,31521
1787496839689,normal,sha_64B_em,normal,0.307,ok,inf,2000000,1,1,3,31520
1787496839690,normal,grep_8k,normal,0.915,memory_trap,inf,2000000,2,1,0,31516
1787496839691,normal,mul2_256,normal,1.158,ok,inf,2000000,1,1,1,31520
1787496839692,normal,softmax_256,normal,1.145,ok,inf,2000000,1,1,2,31520
1787496839693,normal,sha_64B_em,normal,0.687,ok,inf,2000000,1,1,3,31516
1787496839694,normal,grep_8k,normal,0.318,memory_trap,inf,2000000,2,1,0,31517
1787496839695,normal,mul2_256,normal,0.774,ok,inf,2000000,1,1,1,31513
1787496839696,normal,softmax_256,normal,0.586,ok,inf,2000000,1,1,2,31512
1787496839697,normal,sha_64B_em,normal,0.805,ok,inf,2000000,1,1,3,31513
1787496839698,normal,grep_8k,normal,1.254,memory_trap,inf,2000000,2,1,0,31517
1787496839699,normal,mul2_256,normal,0.744,ok,inf,2000000,1,1,1,31514
1787496839700,normal,softmax_256,normal,0.062,ok,inf,2000000,1,1,2,31510
1787496839701,normal,sha_64B_em,normal,0.989,ok,inf,2000000,1,1,3,31512
1787496839702,oversize,sort_64k,pages_over_limit,10.213,memory_trap,inf,2000000,4,1,0,31510
1787496839703,normal,mul2_256,normal,1.106,ok,inf,2000000,1,1,1,31508
1787496839704,normal,softmax_256,normal,0.976,ok,inf,2000000,1,1,2,31507
1787496839705,normal,sha_64B_em,normal,0.252,ok,inf,2000000,1,1,3,31504
1787496839706,oversize,mmul_16k,pages_over_limit,21.834,memory_trap,inf,2000000,2,1,0,31506
1787496839707,normal,mul2_256,normal,1.086,ok,inf,2000000,1,1,1,31503
1787496839708,normal,softmax_256,normal,1.109,ok,inf,2000000,1,1,2,31503
1787496839709,normal,sha_64B_em,normal,0.753,ok,inf,2000000,1,1,3,31500
1787496839710,normal,grep_8k,normal,0.411,memory_trap,inf,2000000,2,1,0,31496
1787496839711,normal,mul2_256,normal,0.700,ok,inf,2000000,1,1,1,31494
1787496839712,normal,softmax_256,normal,0.797,ok,inf,2000000,1,1,2,31494
1787496839713,normal,sha_64B_em,normal,0.085,ok,inf,2000000,1,1,3,31492
1787496839714,normal,grep_8k,normal,0.551,memory_trap,inf,2000000,2,1,0,31494
1787496839715,normal,mul2_256,normal,1.210,ok,inf,2000000,1,1,1,31495
1787496839716,oversize,conv3x3_4k,pages_over_limit,26.489,memory_trap,inf,2000000,3,1,0,31495
1787496839717,oversize,sort_64k,pages_over_limit,26.810,memory_trap,inf,2000000,4,1,0,31494
1787496839718,oversize,mmul_16k,pages_over_limit,14.286,memory_trap,inf,2000000,2,1,0,31490
1787496839719,normal,mul2_256,normal,1.059,ok,inf,2000000,1,1,1,31486
1787496839720,oversize,sort_64k,pages_over_limit,20.920,memory_trap,inf,2000000,4,1,0,31488
1787496839721,oversize,mmul_16k,pages_over_limit,13.514,memory_trap,inf,2000000,2,1,0,31485
1787496839722,normal,grep_8k,normal,0.435,memory_trap,inf,2000000,2,1,0,31488
1787496839723,oversize,sort_64k,pages_over_limit,28.819,memory_trap,inf,2000000,4,1,0,31486
1787496839724,normal,softmax_256,normal,0.425,ok,inf,2000000,1,1,1,31488
1787496839725,normal,sha_64B_em,normal,0.192,ok,inf,2000000,1,1,2,31493
1787496839726,normal,grep_8k,normal,0.287,memory_trap,inf,2000000,2,1,0,31493
1787496839727,normal,mul2_256,normal,0.537,ok,inf,2000000,1,1,1,31495
1787496839728,normal,softmax_256,normal,0.669,ok,inf,2000000,1,1,2,31494
1787496839729,normal,sha_64B_em,normal,1.356,ok,inf,2000000,1,1,3,31498
1787496839730,oversize,mmul_16k,pages_over_limit,17.900,memory_trap,inf,2000000,2,1,0,31501
1787496839731,normal,mul2_256,normal,0.979,ok,inf,2000000,1,1,1,31502
1787496839732,normal,softmax_256,normal,0.437,ok,inf,2000000,1,1,2,31504
1787496839733,normal,sha_64B_em,normal,0.629,ok,inf,2000000,1,1,3,31508
1787496839734,oversize,conv3x3_4k,pages_over_limit,14.581,memory_trap,inf,2000000,3,1,0,31511
1787496839735,oversize,sort_64k,pages_over_limit,27.412,memory_trap,inf,2000000,4,1,0,31515
1787496839736,normal,softmax_256,normal,0.136,ok,inf,2000000,1,1,1,31511
1787496839737,normal,sha_64B_em,normal,0.324,ok,inf,2000000,1,1,2,31516
1787496839738,oversize,sort_64k,pages_over_limit,10.454,memory_trap,inf,2000000,4,1,0,31515
1787496839739,oversize,mmul_16k,pages_over_limit,18.520,memory_trap,inf,2000000,2,1,0,31517
1787496839740,normal,softmax_256,normal,0.124,ok,inf,2000000,1,1,1,31518
1787496839741,oversize,sort_64k,pages_over_limit,29.627,memory_trap,inf,2000000,4,1,0,31520
1787496839742,normal,grep_8k,normal,1.364,memory_trap,inf,2000000,2,1,0,31519
1787496839743,normal,mul2_256,normal,0.968,ok,inf,2000000,1,1,1,31523
1787496839744,normal,softmax_256,normal,0.886,ok,inf,2000000,1,1,2,31525
1787496839745,oversize,mmul_16k,pages_over_limit,28.074,memory_trap,inf,2000000,2,1,0,31521
1787496839746,oversize,conv3x3_4k,pages_over_limit,11.162,memory_trap,inf,2000000,3,1,0,31524
1787496839747,oversize,sort_64k,pages_over_limit,13.511,memory_trap,inf,2000000,4,1,0,31529
1787496839748,normal,softmax_256,normal,0.280,ok,inf,2000000,1,1,1,31526
1787496839749,normal,sha_64B_em,normal,1.080,ok,inf,2000000,1,1,2,31525
1787496839750,oversize,sort_64k,pages_over_limit,26.346,memory_trap,inf,2000000,4,1,0,31527
1787496839751,normal,mul2_256,normal,0.672,ok,inf,2000000,1,1,1,31532
1787496839752,normal,softmax_256,normal,0.557,ok,inf,2000000,1,1,2,31531
1787496839753,oversize,sort_64k,pages_over_limit,28.615,memory_trap,inf,2000000,4,1,0,31530
1787496839754,oversize,mmul_16k,pages_over_limit,20.376,memory_trap,inf,2000000,2,1,0,31534
1787496839755,oversize,conv3x3_4k,pages_over_limit,18.136,memory_trap,inf,2000000,3,1,0,31534
1787496839756,normal,softmax_256,normal,0.453,ok,inf,2000000,1,1,1,31533
1787496839757,oversize,mmul_16k,pages_over_limit,27.050,memory_trap,inf,2000000,2,1,0,31532
1787496839758,normal,grep_8k,normal,0.745,memory_trap,inf,2000000,2,1,0,31533
1787496839759,normal,mul2_256,normal,0.633,ok,inf,2000000,1,1,1,31533
1787496839760,normal,softmax_256,normal,1.342,ok,inf,2000000,1,1,2,31538
1787496839761,normal,sha_64B_em,normal,0.746,ok,inf,2000000,1,1,3,31535
1787496839762,normal,grep_8k,normal,0.757,memory_trap,inf,2000000,2,1,0,31534
1787496839763,oversize,mmul_16k,pages_over_limit,14.852,memory_trap,inf,2000000,2,1,0,31538
1787496839764,oversize,conv3x3_4k,pages_over_limit,14.607,memory_trap,inf,2000000,3,1,0,31540
1787496839765,normal,sha_64B_em,normal,0.366,ok,inf,2000000,1,1,1,31542
1787496839766,normal,grep_8k,normal,0.144,memory_trap,inf,2000000,2,1,0,31542
1787496839767,normal,mul2_256,normal,0.867,ok,inf,2000000,1,1,1,31540
1787496839768,normal,softmax_256,normal,0.101,ok,inf,2000000,1,1,2,31543
1787496839769,normal,sha_64B_em,normal,1.354,ok,inf,2000000,1,1,3,31543
1787496839770,normal,grep_8k,normal,0.086,memory_trap,inf,2000000,2,1,0,31540
1787496839771,oversize,sort_64k,pages_over_limit,19.643,memory_trap,inf,2000000,4,1,0,31536
1787496839772,oversize,mmul_16k,pages_over_limit,29.198,memory_trap,inf,2000000,2,1,0,31538
1787496839773,normal,sha_64B_em,normal,0.075,ok,inf,2000000,1,1,1,31536
1787496839774,normal,grep_8k,normal,0.064,memory_trap,inf,2000000,2,1,0,31537
1787496839775,normal,mul2_256,normal,0.288,ok,inf,2000000,1,1,1,31533
1787496839776,normal,softmax_256,normal,0.718,ok,inf,2000000,1,1,2,31538
1787496839777,normal,sha_64B_em,normal,0.916,ok,inf,2000000,1,1,3,31537
1787496839778,oversize,mmul_16k,pages_over_limit,19.100,memory_trap,inf,2000000,2,1,0,31534
1787496839779,normal,mul2_256,normal,0.109,ok,inf,2000000,1,1,1,31530
1787496839780,oversize,sort_64k,pages_over_limit,12.530,memory_trap,inf,2000000,4,1,0,31529
1787496839781,normal,sha_64B_em,normal,0.310,ok,inf,2000000,1,1,1,31527
1787496839782,oversize,conv3x3_4k,pages_over_limit,24.746,memory_trap,inf,2000000,3,1,0,31530
1787496839783,normal,mul2_256,normal,0.438,ok,inf,2000000,1,1,1,31535
1787496839784,oversize,mmul_16k,pages_over_limit,18.710,memory_trap,inf,2000000,2,1,0,31538
